cell_eci,iteration,var_loss
26947072,0,1818.926833769497
26947072,1,3362.911189038876
26947072,2,2068.0834812343555
26947072,3,3562.0662013657084
26947072,4,4341.2500265126655
26947072,5,2849.8605328216368
26947072,6,2478.083555947394
26947072,7,6594.842721787002
26947072,8,4019.699208632004
26947072,9,2761.698964220448
26947072,10,1990.6785552641186
26947072,11,2280.6537172747962
26947072,12,2341.832484638182
26947072,13,2269.782966276856
26947072,14,2237.5163039259837
26947072,15,2720.2353103797627
26947072,16,1807.0229275432387
26947072,17,2032.1357465128406
26947072,18,1822.1901584261952
26947072,19,1998.3828778830057
26947072,20,1823.8262426377594
26947072,21,1818.6859274838848
26947072,22,1822.4539007184055
26947072,23,1785.397399725188
26947072,24,2007.2840834327
26947072,25,2054.9672588172552
26947072,26,1798.0805192638074
26947072,27,2017.785984466758
26947072,28,1798.9672661298837
26947072,29,1782.228268147548
26947072,30,2017.7859479109468
26947072,31,2009.5297460904958
26947072,32,1786.446770285859
26947072,33,1793.161222334313
26947072,34,1780.2708226101695
26947072,35,1796.2320460264236
26947072,36,1784.6035476177012
26947072,37,1782.8750431210897
26947072,38,1780.5662992379675
26947072,39,1777.8484217328019
26947072,40,2056.564291567907
26947072,41,2056.1890597073743
26947072,42,1777.5332646997142
26947072,43,1779.9626868304113
26947072,44,1779.9440882506633
26947072,45,1780.039657383476
26947072,46,1779.9585261012537
26947072,47,1779.9506554701113
26947072,48,1771.7330697969055
26947072,49,1781.4847101635655
26947072,50,1771.7205512407486
26947072,51,1780.0565019349729
26947072,52,1771.8056404446813
26947072,53,1779.9454030081001
26947072,54,1771.7641738345067
28650241,0,45.523167235860996
28650241,1,407.31340836146575
28650241,2,1861.3372155145453
28650241,3,38.94350255824511
28650241,4,632.2824686002068
28650241,5,35.697750524488384
28650241,6,222.81264588145635
28650241,7,157.204167661246
28650241,8,40.420277467927406
28650241,9,64.06982553479861
28650241,10,33.09344081737445
28650241,11,71.84684406657851
28650241,12,22.848370030210504
28650241,13,26.50929982894892
28650241,14,30.356357750314928
28650241,15,24.94678890731396
28650241,16,37.47462462550542
28650241,17,20.455581369105197
28650241,18,28.623925434454673
28650241,19,19.265463713933013
28650241,20,26.78368322442754
28650241,21,22.32192416013296
28650241,22,25.141072845193122
28650241,23,20.76890815942366
28650241,24,25.49692345338049
28650241,25,20.352505439723842
28650241,26,22.066514783767683
28650241,27,18.751426412477695
28650241,28,18.90354761953457
28650241,29,18.79905428444602
28650241,30,18.608879732580494
28650241,31,18.991328621929924
28650241,32,19.970893342234742
28650241,33,19.293532227219423
28650241,34,22.51860844478845
28650241,35,20.455581369105197
28650241,36,18.673113546626777
28650241,37,18.68495382269231
28650241,38,18.99549627369055
28650241,39,18.61406128087349
28650241,40,18.58393606750231
26368258,0,16.169577076595896
26368258,1,43.28440859447034
26368258,2,39.15733036991427
26368258,3,42.358386814007574
26368258,4,32.69825308875567
26368258,5,34.57423516757644
26368258,6,23.278330788776117
26368258,7,25.365935592512102
26368258,8,18.853734236934073
26368258,9,21.84681697748871
26368258,10,18.14505074547042
26368258,11,19.949156105782325
26368258,12,16.981492648900513
26368258,13,17.051396532243565
26368258,14,16.07681148914825
26368258,15,18.85830839019636
26368258,16,16.081981946032187
26368258,17,16.715474419918927
26368258,18,15.972936316730914
26368258,19,16.53101906067613
26368258,20,15.971891166570238
26368258,21,16.007458758531968
26368258,22,15.92028398165471
26368258,23,16.036120406521274
26368258,24,15.93883012277764
26368258,25,15.959244292354203
26368258,26,15.930086543325363
26947074,0,42.44898255635539
26947074,1,118.71834059157285
26947074,2,121.84889929894342
26947074,3,36.85512013910738
26947074,4,75.67786197597206
26947074,5,34.19244768405995
26947074,6,68.47484334113204
26947074,7,58.7000050263368
26947074,8,36.34010837014261
26947074,9,53.80578656694385
26947074,10,35.55178423901349
26947074,11,34.56068793862369
26947074,12,56.43312645960732
26947074,13,36.752155268639456
26947074,14,39.65772959637859
26947074,15,37.758951116496384
26947074,16,37.17614306888358
26947074,17,34.178811648944645
26947074,18,38.46329895376955
26947074,19,36.82308273387092
26947074,20,37.309936771603276
26947074,21,33.339379853281
26947074,22,34.08805029012843
26947074,23,36.7393996552938
26947074,24,32.93749625601603
26947074,25,33.38912849293376
26947074,26,31.376917382106832
26947074,27,34.085934745471015
26947074,28,33.25006636685786
26947074,29,32.00327015182768
26947074,30,33.48365669743081
26947074,31,33.29631980064118
26947074,32,31.59175656389733
26947074,33,33.230517773810504
26947074,34,32.98973897420431
26947074,35,32.829004049823624
26947074,36,31.74604950710941
26947074,37,31.587223239470696
26947074,38,32.15861923878225
26947074,39,31.618776141916186
26947074,40,31.6424892212604
26947074,41,31.670738757763065
26947074,42,31.364449707221112
26947074,43,31.62862644619332
26947074,44,31.718944989561447
26947074,45,31.308217742621288
26947074,46,31.307768814913025
26947074,47,31.29335106882521
26947074,48,31.269746279275328
26947074,49,31.578948742089402
26356993,0,14.746497029905429
26356993,1,15.095948235810006
26356993,2,14.74825699312993
26356993,3,14.67854174225881
26356993,4,14.632200688666865
26356993,5,14.606871698988522
26356993,6,14.655886283457686
26356993,7,14.604996324487004
26356993,8,14.658114025594884
26356993,9,14.64404726689512
26356993,10,14.604193300926335
26356993,11,14.639020978778216
26356993,12,14.599762739526257
26356993,13,14.617108249939617
26356993,14,14.598812597485816
26356993,15,14.604506961056739
26356993,16,14.599094588155724
26356993,17,14.602226321620389
26356993,18,14.598165304343807
26356993,19,14.60020840508442
26356993,20,14.598222939464614
26356993,21,14.599718732797777
26356993,22,14.598245825546988
26356993,23,14.598817833282723
26356993,24,14.598156914040919
26356993,25,14.598337488742134
26356993,26,14.598247278195547
26356993,27,14.597877797629229
26356993,28,14.598317776008026
26356993,29,14.598079697930139
26356993,30,14.598320516654677
26356993,31,14.598236309884221
26356993,32,14.597830566946667
26356993,33,14.59826100990245
26356993,34,14.59811148922939
26356993,35,14.597485209430413
26359554,0,33.95038623494974
26359554,1,35.06748741323561
26359554,2,44.03966549490981
26359554,3,38.25627356504763
26359554,4,27.04284788189887
26359554,5,33.18149261855338
26359554,6,19.377520885214405
26359554,7,40.51100128518255
26359554,8,44.57109185112401
26359554,9,19.54418720954024
26359554,10,33.80197368521973
26359554,11,21.07850026256694
26359554,12,18.564072539850642
26359554,13,33.801972691230446
26359554,14,29.510465340393374
26359554,15,16.036886484828404
26359554,16,27.224405825968297
26359554,17,15.49505896900406
26359554,18,18.0094608617122
26359554,19,16.123858488878543
26359554,20,16.070190498339603
26359554,21,15.485137673395815
26359554,22,16.538930191859848
26359554,23,15.439678749487072
26359554,24,16.81167627713935
26359554,25,15.260517827210908
26359554,26,15.354640767247027
26359554,27,15.528087086471814
26359554,28,15.312363125400807
26359554,29,15.343150462187818
26359554,30,15.285081260666425
26359554,31,15.322450422104907
26359554,32,15.276284403465842
26358785,0,28.228819700105664
26358785,1,30.107375182835366
26358785,2,28.446709737626243
26358785,3,28.580318724766645
26358785,4,26.485161006622526
26358785,5,28.446370333245245
26358785,6,27.087957774376342
26358785,7,26.672563914493136
26358785,8,32.404000072247165
26358785,9,25.84586680692435
26358785,10,27.096278647617222
26358785,11,25.971864261675464
26358785,12,25.352927952160194
26358785,13,25.59342558643103
26358785,14,26.49180846859343
26358785,15,25.58548368964487
26358785,16,25.23093823645414
26358785,17,25.48614737005053
26358785,18,25.15534700660492
26358785,19,25.51769391519532
26358785,20,25.33280445355448
26358785,21,25.158307739530386
26358785,22,25.35512992082105
26358785,23,25.136037037923955
26358785,24,25.190280212949617
26358785,25,25.1201105681133
26358785,26,25.282188273983977
26358785,27,25.11582422971589
26358785,28,25.142131858664065
26358785,29,25.118846669541366
26358785,30,25.118942657410894
26358785,31,25.11441251180414
26358785,32,25.13238454228886
26358785,33,25.112769768505316
40782336,0,100.82430719991916
40782336,1,3537.7194981761468
40782336,2,1155.415938001309
40782336,3,58.11650972353046
40782336,4,110.71646528161267
40782336,5,175.22058181144396
40782336,6,83.62541648477158
40782336,7,96.06974004943044
40782336,8,115.23316973466795
40782336,9,52.29337346170315
40782336,10,63.9754788181772
40782336,11,104.20659154246331
40782336,12,50.35360531872677
40782336,13,54.359794944493196
40782336,14,52.751714685736225
40782336,15,41.417071296098776
40782336,16,58.11651107429865
40782336,17,56.52207402399281
40782336,18,53.31206082064093
40782336,19,54.899091978063936
40782336,20,53.64883671688911
40782336,21,52.97864921104197
40782336,22,51.60770835492118
40782336,23,56.08605074029738
40782336,24,47.16537899670392
40782336,25,55.782729304681425
40782336,26,48.95968579740896
40782336,27,46.1549719316781
40782336,28,57.975499690700374
40782336,29,42.7465008678374
40782336,30,48.596346025451936
40782336,31,43.07538429930712
40782336,32,47.6289889660646
40782336,33,41.44335112842538
40782336,34,46.305744149124045
40782336,35,44.647537452146146
40782336,36,41.264181307730325
40782336,37,43.78902923934005
40782336,38,45.13959448425632
40782336,39,41.24698994126483
40782336,40,44.056029086050685
40782336,41,41.585244136648505
40782336,42,41.25116163129926
40782336,43,41.51612400505622
40782336,44,40.19146363158345
40782336,45,44.107645859570354
40782336,46,43.95876389871254
40782336,47,41.19086438271382
40782336,48,41.21577698872542
40782336,49,40.78629095411517
40782336,50,44.1958574764358
40782336,51,40.72389150605473
40782336,52,40.738055707379765
40782336,53,40.72180604490962
40782336,54,40.976517563491264
40782336,55,40.60347325771429
40782336,56,40.820832860895216
40782336,57,40.715651179604876
40782336,58,40.800759970581716
40782336,59,40.706618586981456
40782336,60,40.775886845531296
40782336,61,40.7772948085839
40782336,62,40.77671194489378
40782336,63,40.80895748859626
40782336,64,40.79614038698197
40782336,65,40.81529093321221
40782336,66,40.82700004844981
40782336,67,40.80447007053164
40782336,68,40.19078509717114
40782336,69,40.96498084718025
40782336,70,40.97452499649644
40782336,71,40.21265292454971
29127682,0,10.69869973964086
29127682,1,35.53791006339084
29127682,2,17.245998756338345
29127682,3,13.652753571107946
29127682,4,11.01379031833446
29127682,5,11.975418346390718
29127682,6,17.144108761320844
29127682,7,9.54198780024012
29127682,8,10.792333795414713
29127682,9,17.52090072712597
29127682,10,9.678004033842353
29127682,11,10.149960469742933
29127682,12,9.560410723271183
29127682,13,10.466718938964108
29127682,14,9.38917075167775
29127682,15,9.710245839728355
29127682,16,9.404548349105301
29127682,17,9.771170274810128
29127682,18,9.374119255450767
29127682,19,9.358700937823317
29127682,20,9.442316463672222
29127682,21,9.474180659068328
29127682,22,9.348468168698359
29127682,23,9.453704027396244
29127682,24,9.34508160311939
29127682,25,9.364931621911174
29127682,26,9.345244291302889
29127682,27,9.355617114397374
29127682,28,9.343299674694668
26947073,0,8.318408770264826
26947073,1,10.647557422123766
26947073,2,11.157811191557977
26947073,3,7.597423949985698
26947073,4,134.32337237707404
26947073,5,11.247613208017619
26947073,6,10.525190305712778
26947073,7,8.153223604556306
26947073,8,107.75617102769789
26947073,9,8.327961930043916
26947073,10,8.390820165073892
26947073,11,9.165721867031216
26947073,12,35.676508160858496
26947073,13,8.054551081068023
26947073,14,7.996121973359501
26947073,15,77.55709467497701
26947073,16,8.783988188375695
26947073,17,7.830223956007853
26947073,18,8.637634733438562
26947073,19,493.48600627776165
26947073,20,8.151013119381778
26947073,21,22.502422641576903
26947073,22,7.6893308699952705
26947073,23,7.506235822443673
26947073,24,8.347119611034305
26947073,25,7.502020200845077
26947073,26,7.4249253089055
26947073,27,7.499157292294598
26947073,28,12.06692285191676
26947073,29,7.481747836756111
26947073,30,7.523091939128232
26947073,31,7.459545775125723
26947073,32,7.227489445384875
26947073,33,7.112438769533955
26947073,34,7.2948843142053486
26947073,35,13.363938178197277
26947073,36,7.354617035077317
26947073,37,7.2968762060093
26947073,38,7.1882693145999905
26947073,39,7.786751169348333
26947073,40,7.209357539659535
26947073,41,7.045502367883653
26947073,42,7.786750647249708
26947073,43,7.264582720189822
26947073,44,7.077364446325037
26947073,45,7.770500523451218
26947073,46,7.078030919222584
26349058,0,12.163738604686392
26349058,1,13.685014968863664
26349058,2,12.203035707157314
26349058,3,11.812632234407737
26349058,4,16.300818871420468
26349058,5,12.111988364137515
26349058,6,14.944500677318658
26349058,7,11.794108232102753
26349058,8,11.599400687639388
26349058,9,12.661091927698926
26349058,10,12.090562271829443
26349058,11,11.60026429159597
26349058,12,12.066092444498906
26349058,13,11.628468239431452
26349058,14,11.633625784927744
26349058,15,11.572573542569437
26349058,16,11.737531251746947
26349058,17,11.555065706044166
26349058,18,11.687502051645781
26349058,19,11.553495689108031
26349058,20,11.549002148350786
26349058,21,11.582221962631635
26349058,22,11.598592841201706
26349058,23,11.545910895028095
26349058,24,11.548668231833544
26349058,25,11.552882575737804
26349058,26,11.545177362899146
26349058,27,11.551075999248026
26349058,28,11.545044568848354
26349058,29,11.55295773111937
26349058,30,11.544337123372975
26349058,31,11.54542830651943
26349058,32,11.544550997496492
26349058,33,11.544811971238852
26349058,34,11.544371173671916
26349058,35,11.545201302724298
26349058,36,11.54430195997114
26358784,0,20.311402631855128
26358784,1,30.39737639533756
26358784,2,21.124483889527088
26358784,3,18.118484245139225
26358784,4,22.77843344876223
26358784,5,19.393409932938734
26358784,6,21.61816317385457
26358784,7,20.267082339668058
26358784,8,19.656638632271385
26358784,9,18.738479917267597
26358784,10,22.07042875514289
26358784,11,18.563360286731722
26358784,12,17.759184428892674
26358784,13,17.721764308264063
26358784,14,21.280438298819647
26358784,15,18.02297374949208
26358784,16,20.654879546751502
26358784,17,17.653391397306688
26358784,18,17.283552344686022
26358784,19,20.269226664041714
26358784,20,17.827196010204258
26358784,21,17.363069074501098
26358784,22,18.310426681266346
26358784,23,17.372442170665796
26358784,24,17.30493698297135
26358784,25,19.26068292744954
26358784,26,17.18871231945619
26358784,27,17.247495952680627
26358784,28,17.347614855120252
26358784,29,17.20107079659429
26358784,30,17.197391846467454
26358784,31,17.255593183920055
26358784,32,17.178695978778673
26358784,33,17.21994900179051
26358784,34,17.178650607888965
26358784,35,17.211560456956946
26358784,36,17.177859434496476
26358784,37,17.18769017625972
26358784,38,17.176233056454272
26365185,0,20.03681450653435
26365185,1,21.46798303163001
26365185,2,20.39567759557938
26365185,3,19.7900624210473
26365185,4,19.77585921609419
26365185,5,19.35670341394439
26365185,6,19.26926466425199
26365185,7,19.437838581778383
26365185,8,18.967578523101892
26365185,9,18.92255290856116
26365185,10,19.11543697207013
26365185,11,19.70548574497492
26365185,12,19.06846863658779
26365185,13,18.9111322777825
26365185,14,19.01160811889949
26365185,15,19.02001827161371
26365185,16,18.936659695258818
26365185,17,18.929347424240547
26365185,18,18.90238014662318
26365185,19,18.946111906831383
26365185,20,18.8996523249102
26365185,21,18.910808172001907
26365185,22,18.912346163247843
26365185,23,18.89913826764398
26365185,24,18.90185634228236
26365185,25,18.91118752916608
26365185,26,18.899851801169863
26365185,27,18.903362203043407
26365185,28,18.89978430724316
26365185,29,18.904538373249192
26365185,30,18.898911992783766
26365185,31,18.900282977852168
26365185,32,18.89908884974304
26365185,33,18.900581500510008
26365185,34,18.898912805615918
26365185,35,18.899008024475016
26365185,36,18.898929622746863
26365185,37,18.89888454658199
26365185,38,18.899089185496685
26365185,39,18.899104990213026
26365185,40,18.89884602809427
26365185,41,18.898977900048614
26365185,42,18.898889781181882
33802242,0,41.02255832707403
33802242,1,51.47110471526428
33802242,2,44.62073875972277
33802242,3,64.4552590794829
33802242,4,46.34315347519226
33802242,5,48.963038591263256
33802242,6,43.44686757778591
33802242,7,42.837759649396574
33802242,8,42.30121048811332
33802242,9,40.72537015698586
33802242,10,40.58587574027501
33802242,11,48.963038591263256
33802242,12,41.26885958395232
33802242,13,41.55013163743965
33802242,14,40.79582325869739
33802242,15,40.90915684949618
33802242,16,40.67346836049568
33802242,17,41.15151551659285
33802242,18,40.591649835866136
33802242,19,40.4717774517096
33802242,20,40.47383424745956
33802242,21,40.710062213759656
33802242,22,40.52427611975701
33802242,23,40.56363004171842
33802242,24,40.50408353417353
33802242,25,40.48135450227936
33802242,26,40.466416085856
33802242,27,40.508609143188075
33802242,28,40.494226884839826
33802242,29,40.46517873108148
33802242,30,40.489635036782474
33802242,31,40.46334676382148
33802242,32,40.47916081400057
33802242,33,40.46244338512679
33802242,34,40.465524534643485
33802242,35,40.46283798298601
33802242,36,40.46519703848184
33802242,37,40.46233704866777
33802242,38,40.46264636122498
33802242,39,40.462261216122464
30829824,0,20.073437569058953
30829824,1,33.44141354307718
30829824,2,35.815176754568846
30829824,3,45.93962510804218
30829824,4,29.101801567950144
30829824,5,43.105075069199444
30829824,6,27.74886634133277
30829824,7,22.933998634468725
30829824,8,21.92589692222781
30829824,9,36.85764387537944
30829824,10,17.848313341352362
30829824,11,25.477648037751166
30829824,12,17.04275999428406
30829824,13,20.76008570521511
30829824,14,17.716942258833082
30829824,15,19.384513080526244
30829824,16,17.03776822839127
30829824,17,17.566870186740484
30829824,18,16.922785421461384
30829824,19,17.446986962039016
30829824,20,16.78556913514976
30829824,21,18.05744826027409
30829824,22,16.782143891532108
30829824,23,16.8649586099439
30829824,24,16.775094393494747
30829824,25,16.959893559911787
30829824,26,16.751367279551427
29127681,0,17.143182705022685
29127681,1,21.44721929297946
29127681,2,17.903442365367802
29127681,3,18.34602620398595
29127681,4,16.40927897700388
29127681,5,16.361323968500148
29127681,6,16.91319668696867
29127681,7,16.27411983755354
29127681,8,18.781738553347218
29127681,9,16.490561165601505
29127681,10,15.967582017092571
29127681,11,20.885565146206773
29127681,12,15.960948869256445
29127681,13,16.44163212943755
29127681,14,15.962811359905004
29127681,15,15.971887117400183
29127681,16,15.918656219237107
29127681,17,16.08476441461901
29127681,18,15.908169599252922
29127681,19,16.080658192477003
29127681,20,15.913936488651307
29127681,21,15.914472934771846
29127681,22,15.907490954163144
29127681,23,15.919066602638932
29127681,24,15.90684485509639
29127681,25,15.926513633314668
29127681,26,15.903378536177597
29127681,27,15.906928135823602
29127681,28,15.905694171786601
29127681,29,15.90656913714813
29127681,30,15.904314622578022
26365186,0,8.655701013404096
26365186,1,14.330223821280013
26365186,2,11.321865706976842
26365186,3,14.422052065588975
26365186,4,10.480202840578945
26365186,5,13.42593772548872
26365186,6,10.161981368640172
26365186,7,10.000607173357889
26365186,8,9.268669978584052
26365186,9,7.991692688192189
26365186,10,10.616029037715649
26365186,11,9.827436800729004
26365186,12,8.340864419564227
26365186,13,9.792888841017113
26365186,14,8.18648232958229
26365186,15,8.197886630411135
26365186,16,7.986482170795744
26365186,17,8.819634626144605
26365186,18,7.98212860167048
26365186,19,8.206632572978526
26365186,20,7.935476791446461
26365186,21,7.970276497935088
26365186,22,7.965939458287255
26365186,23,8.064170788713911
26365186,24,7.938356644593705
26365186,25,7.9513359103942
26365186,26,7.934405352110094
26365186,27,7.964231107890205
26365186,28,7.930781583992179
26365186,29,7.944772824216251
26365186,30,7.931124377728672
40812800,0,31.63043682469142
40812800,1,32.27205569695363
40812800,2,37.96291198767868
40812800,3,30.11118677656893
40812800,4,30.421119123644253
40812800,5,30.448001436506942
40812800,6,30.17815598215455
40812800,7,30.923635395136284
40812800,8,29.826767075786393
40812800,9,30.827981581917516
40812800,10,29.915883244987896
40812800,11,30.331996211661895
40812800,12,29.881597938515696
40812800,13,29.895097018586085
40812800,14,29.823793154606495
40812800,15,30.027469281119735
40812800,16,29.81815704222096
40812800,17,29.918996697017416
40812800,18,29.809292898359637
40812800,19,29.8164286696826
40812800,20,29.824228245660287
40812800,21,29.809689595245704
40812800,22,29.81902093598659
40812800,23,29.808339753216956
40812800,24,29.811591519262247
40812800,25,29.806290073160422
40812800,26,29.818888129819968
40812800,27,29.80541095302791
40812800,28,29.806291831852814
40812800,29,29.805525712385478
40812800,30,29.8087170236775
40812800,31,29.806265296462474
28792066,0,1203.187174427006
28792066,1,4091.9346128990546
28792066,2,4758.474858811582
28792066,3,865.5073930698809
28792066,4,1202.2562203420912
28792066,5,503.4823444614487
28792066,6,739.4783068853164
28792066,7,1275.6269499850682
28792066,8,2243.9832940325837
28792066,9,2317.5413851634553
28792066,10,287.33051346635625
28792066,11,1397.0605192939815
28792066,12,896.4342139627307
28792066,13,2742.0264387082634
28792066,14,264.8646414813004
28792066,15,882.3373148342782
28792066,16,265.0968626872551
28792066,17,694.7879619415116
28792066,18,265.338975047651
28792066,19,30.299183859487943
28792066,20,694.7879619415116
28792066,21,693.9115232912462
28792066,22,483.501348591786
28792066,23,30.299183859487943
28792066,24,264.8603163349484
28792066,25,30.299183859487943
28792066,26,264.6415531700584
28792066,27,483.0211745382582
28792066,28,264.7423900776185
28792066,29,264.65326754787316
28792066,30,264.5357186726411
28792066,31,30.299183859487943
28792066,32,482.7824533432551
28792066,33,264.5510090485323
28792066,34,30.299183859487943
28792066,35,264.580289884354
28792066,36,490.23516167146204
28792066,37,264.587912497322
28792066,38,30.299183859487943
28792066,39,264.6026003207156
28792066,40,264.6178463964492
28792066,41,264.6063188300409
28792066,42,30.299183859487943
28792066,43,264.6137094549181
28792066,44,264.62137909452673
28792066,45,30.299183859487943
26369024,0,6.581021974413212
26369024,1,6.19603338388498
26369024,2,6.70504924086548
26369024,3,6.636898116921161
26369024,4,6.201891479130687
26369024,5,6.986292525930552
26369024,6,6.263270456505316
26369024,7,6.3784349547065355
26369024,8,6.180740143908085
26369024,9,6.240575945028753
26369024,10,6.165244083744629
26369024,11,6.297905912705067
26369024,12,6.165414981280902
26369024,13,6.184853218620533
26369024,14,6.1662797150556
26369024,15,6.167778195254557
26369024,16,6.162585539789833
26369024,17,6.181411853133441
26369024,18,6.161806432236481
26369024,19,6.166341339591421
26369024,20,6.1625006511257245
26369024,21,6.161897383567351
26369024,22,6.163535554799556
26369024,23,6.161766199594726
26369024,24,6.162231760230192
26369024,25,6.161699816875586
26369024,26,6.162575276814465
26369024,27,6.161602808065696
26607105,0,24.869443558770175
26607105,1,26.100823624103462
26607105,2,28.710182746210158
26607105,3,29.052107334519633
26607105,4,26.91891248591393
26607105,5,24.67312405079048
26607105,6,29.052107334519633
26607105,7,21.70230321162883
26607105,8,24.677980183151632
26607105,9,26.097572111780636
26607105,10,22.167310256564313
26607105,11,22.48525963052668
26607105,12,22.988832214834378
26607105,13,21.587490457877283
26607105,14,21.701876990312694
26607105,15,22.63942809103953
26607105,16,21.24155368159623
26607105,17,22.78431145197627
26607105,18,21.25313974300384
26607105,19,21.21013971125991
26607105,20,21.620388241358725
26607105,21,21.223461494486237
26607105,22,21.453590153848346
26607105,23,21.137073248800956
26607105,24,21.284124061865683
26607105,25,21.140402552090563
26607105,26,21.362482156267166
26607105,27,21.13332019609935
26607105,28,21.126923695092422
26607105,29,21.15621016213007
26607105,30,21.189049287101888
26607105,31,21.121023839748624
26607105,32,21.15063970296108
26607105,33,21.122634394065145
26607105,34,21.125762025950124
26607105,35,21.121276842940443
26353920,0,6.107265932444839
26353920,1,9.310897784200874
26353920,2,20.03229293543478
26353920,3,6.908434614887749
26353920,4,4.912184699860523
26353920,5,10.724831667348278
26353920,6,49.6476677402111
26353920,7,5.602619349491355
26353920,8,7.910542815220987
26353920,9,4.87937450172035
26353920,10,6.839023136248732
26353920,11,4.648371593963081
26353920,12,8.510767822183402
26353920,13,4.065337507037545
26353920,14,5.121556757299221
26353920,15,4.377408638850703
26353920,16,3.7619135715624923
26353920,17,4.214857336440396
26353920,18,4.474994868634887
26353920,19,3.976346228150959
26353920,20,3.749685566105204
26353920,21,3.932966339599275
26353920,22,3.941394951201825
26353920,23,3.7413395793560222
26353920,24,3.8592219939964227
26353920,25,3.7151771802903784
26353920,26,3.847957770571916
26353920,27,3.7122898967677087
26353920,28,3.7496470152149173
26353920,29,3.7151247737944693
26353920,30,3.728051396395449
26353920,31,3.709694497068175
26353920,32,3.719429401441393
26353920,33,3.709950007214006
26353920,34,3.7198840888070515
26353920,35,3.7091853046236714
26795520,0,18.344880129134015
26795520,1,31.89208683137325
26795520,2,27.580155996122304
26795520,3,22.482772409248984
26795520,4,30.259689563222647
26795520,5,19.450619663310107
26795520,6,27.054039814875964
26795520,7,16.061686731105247
26795520,8,8.155897990238735
26795520,9,9.458329033544047
26795520,10,19.321427087978265
26795520,11,11.01567644670697
26795520,12,12.839451530102872
26795520,13,11.114694261388472
26795520,14,10.661280885423457
26795520,15,8.599638559045156
26795520,16,8.312604472395472
26795520,17,9.866041013070623
26795520,18,7.589290677189435
26795520,19,9.032769762065964
26795520,20,7.722898491845135
26795520,21,8.69242102274434
26795520,22,7.677627628114553
26795520,23,7.688624923352156
26795520,24,7.563025923745592
26795520,25,7.949324587254676
26795520,26,7.557213681342034
26795520,27,7.735857145344002
26795520,28,7.5414594536457615
26795520,29,7.554846341515567
26795520,30,7.5787009300689165
26795520,31,7.541330199771107
26795520,32,7.556291220961724
26795520,33,7.541276539020707
26795520,34,7.5708410282490295
26795520,35,7.536701384216304
34210562,0,38.011727098918385
34210562,1,47.21677559659813
34210562,2,49.92691872593451
34210562,3,49.98347348412231
34210562,4,44.19463186297896
34210562,5,49.40691368336421
34210562,6,43.027952225324114
34210562,7,37.82267262119249
34210562,8,38.16538919392536
34210562,9,33.845966119992354
34210562,10,34.96432237682311
34210562,11,35.12008823399035
34210562,12,34.21597879645
34210562,13,38.678697080151906
34210562,14,33.526096660503235
34210562,15,36.13205980176221
34210562,16,33.43682323304581
34210562,17,35.13126985911108
34210562,18,33.32290967022954
34210562,19,33.933755225651296
34210562,20,33.33185820040203
34210562,21,33.64989593900967
34210562,22,33.32480173063682
34210562,23,33.412947493861054
34210562,24,33.293412604188404
34210562,25,33.42846950521161
34210562,26,33.294269945755
34210562,27,33.36881780403695
34210562,28,33.27699364001748
34210562,29,33.27777327492291
34210562,30,33.317343239003485
34210562,31,33.262016224943615
34210562,32,33.26687742795357
34210562,33,33.29142764789467
34210562,34,33.27002354813003
30827264,0,24.744344350610476
30827264,1,20.43804229060436
30827264,2,28.46908680748802
30827264,3,66.6593808798462
30827264,4,23.318864900818696
30827264,5,26.386041254183525
30827264,6,21.0363562066073
30827264,7,28.957788483139655
30827264,8,20.36372317283751
30827264,9,22.9777885918616
30827264,10,19.279034674044734
30827264,11,25.32751276805369
30827264,12,18.206469777741493
30827264,13,18.188505938348783
30827264,14,22.3348228961495
30827264,15,21.596910754931958
30827264,16,18.362459188386804
30827264,17,19.02517369578098
30827264,18,18.086701315873334
30827264,19,18.17058881347785
30827264,20,18.11304527998184
30827264,21,18.758811909823773
30827264,22,17.984899745028873
30827264,23,18.017865570095623
30827264,24,18.162349938643636
30827264,25,18.00690594367483
30827264,26,18.03971329216414
30827264,27,17.988901365228255
30827264,28,18.010369219429307
30827264,29,17.986374525136867
30827264,30,17.995846271926627
30827264,31,17.981267479321165
30827264,32,17.991161752761506
30827264,33,17.980586648412284
30827264,34,18.001970785379953
30827264,35,17.97962100516427
26367489,0,37.62120138275292
26367489,1,43.33838853693351
26367489,2,44.34649530505256
26367489,3,41.40383050653656
26367489,4,31.568189357338092
26367489,5,35.48769013052676
26367489,6,40.50212514225316
26367489,7,37.033907472711014
26367489,8,33.79204778575489
26367489,9,44.13801892628125
26367489,10,33.50975089972493
26367489,11,34.00267920031158
26367489,12,32.79038333746577
26367489,13,32.74070362052816
26367489,14,32.84678061109658
26367489,15,32.775242017324096
26367489,16,31.8017453331111
26367489,17,31.314552804337424
26367489,18,32.709607129933
26367489,19,32.27885951351146
26367489,20,31.36334009684181
26367489,21,31.62648306913374
26367489,22,31.304396974631903
26367489,23,31.5345332538819
26367489,24,31.23490956507595
26367489,25,31.84733449639591
26367489,26,31.20321561196491
26367489,27,31.230166706732724
26367489,28,31.345322042056086
26367489,29,31.19993137564886
26367489,30,31.237426900250284
26367489,31,31.204477606828554
26367489,32,31.209327463877308
26367489,33,31.19886612481477
26367744,0,6.983756044958352
26367744,1,37.402338107392296
26367744,2,13.519674387667974
26367744,3,31.455123452338103
26367744,4,19.056260221512385
26367744,5,12.967146587109854
26367744,6,12.587009418457672
26367744,7,15.684088283615083
26367744,8,8.673339323553577
26367744,9,11.05097866690246
26367744,10,6.5891576731669215
26367744,11,13.951316264788254
26367744,12,6.350239976050256
26367744,13,7.290734756622332
26367744,14,6.295929890918229
26367744,15,6.409907037046659
26367744,16,6.19965458542246
26367744,17,6.616420780682463
26367744,18,6.168407833559761
26367744,19,6.874387106475318
26367744,20,6.145112556270546
26367744,21,6.10645737615506
26367744,22,6.241470894361822
26367744,23,6.290394435536602
26367744,24,6.122172836538546
26367744,25,6.073249476085677
26367744,26,6.08668148139699
26367744,27,6.151350551258147
26367744,28,6.097907165990466
26367744,29,6.096138731162358
26367744,30,6.082489751235655
26367744,31,6.08302589414683
26367744,32,6.072833760996328
26367744,33,6.086804730153647
26367744,34,6.073417750968056
26367744,35,6.075723051823355
26367744,36,6.0714278156882155
33802241,0,16.082316739263945
33802241,1,17.32455273635652
33802241,2,18.22006494050426
33802241,3,13.27100876854965
33802241,4,15.639422225040494
33802241,5,14.973345401317818
33802241,6,13.973068137449143
33802241,7,29.29222809793922
33802241,8,13.120184689433739
33802241,9,15.46186570794666
33802241,10,11.933094182709468
33802241,11,17.699112537712562
33802241,12,12.375719370258416
33802241,13,12.332179408568088
33802241,14,13.041291134785817
33802241,15,11.963869864571976
33802241,16,12.801264681725568
33802241,17,11.871589752811248
33802241,18,11.94462399717649
33802241,19,11.814408725322524
33802241,20,12.10686589388801
33802241,21,11.804160296805883
33802241,22,12.18613795629717
33802241,23,11.785928870342396
33802241,24,11.805211937960232
33802241,25,11.786979356764698
33802241,26,11.84178297053543
33802241,27,11.784218171187499
33802241,28,11.78149226831469
33802241,29,11.789932731765619
33802241,30,11.795040714086559
33802241,31,11.780733976825427
33802241,32,11.793186806179605
33802241,33,11.780384231171801
34210561,0,43.48790829198738
34210561,1,45.41815954096414
34210561,2,46.35193634896313
34210561,3,44.938172115442384
34210561,4,43.244150655598105
34210561,5,42.064593401295234
34210561,6,29.160896627503547
34210561,7,84.65671266751046
34210561,8,46.67734006276324
34210561,9,44.20096151553415
34210561,10,38.78705195105494
34210561,11,42.16226623412712
34210561,12,40.81601981777769
34210561,13,35.622081842973934
34210561,14,50.012466060234054
34210561,15,35.14359233732421
34210561,16,31.83859453898719
34210561,17,35.732881838497946
34210561,18,32.330958610650434
34210561,19,29.50301621599702
34210561,20,34.28625118257304
34210561,21,29.33108718977154
34210561,22,30.825793312911173
34210561,23,28.675239040194125
34210561,24,29.850735232116616
34210561,25,28.770882019551483
34210561,26,29.776684142795812
34210561,27,28.694491273334243
34210561,28,28.681826199926686
34210561,29,29.103029571875915
34210561,30,28.60081371836043
34210561,31,28.733108541898684
34210561,32,28.61594388862889
34210561,33,28.74412299726173
34210561,34,28.61175664396778
34210561,35,28.603988767502784
34210561,36,28.650418315060456
34210561,37,28.595250874971892
29127680,0,13.341896795481594
29127680,1,18.217904698682812
29127680,2,20.1285703484783
29127680,3,12.174387162372222
29127680,4,24.957629440923093
29127680,5,12.06993606627003
29127680,6,18.848033114569787
29127680,7,20.07022542484633
29127680,8,11.227871541164596
29127680,9,14.595969843935862
29127680,10,12.824192319404506
29127680,11,11.122395444908626
29127680,12,12.083216826868474
29127680,13,11.442075350333281
29127680,14,10.733897100156815
29127680,15,11.132860694554024
29127680,16,10.801828964317712
29127680,17,11.188518262461866
29127680,18,10.778205086740094
29127680,19,10.776459858955542
29127680,20,11.165298726248517
29127680,21,10.689973016544819
29127680,22,10.727683278190908
29127680,23,10.768182613196613
29127680,24,10.694814714270183
29127680,25,10.73729698212537
29127680,26,10.692688579156414
29127680,27,10.702111890432228
29127680,28,10.685003182664078
29127680,29,10.701613801644278
29127680,30,10.683795072907415
29127680,31,10.713371949424218
29127680,32,10.682448814758505
2568970,0,24.548871774765026
2568970,1,23.625453737268845
2568970,2,38.818793482320864
2568970,3,31.10861563039058
2568970,4,23.551092950327266
2568970,5,32.736568137957576
2568970,6,21.71528220728583
2568970,7,26.695864108032275
2568970,8,22.00420407963085
2568970,9,22.076225758763528
2568970,10,21.076063587399887
2568970,11,22.623989668974268
2568970,12,21.201746984361534
2568970,13,21.88056548939606
2568970,14,21.137417046748723
2568970,15,21.286231450168444
2568970,16,21.059508589152507
2568970,17,21.248365151186206
2568970,18,21.039523792330236
2568970,19,21.22557771802495
2568970,20,21.026259991281332
2568970,21,21.04826851391274
2568970,22,21.02865688482159
2568970,23,21.057520718301916
2568970,24,21.026045239362983
3428105,0,36.50809837793217
3428105,1,41.68566165239878
3428105,2,31.772287813919707
3428105,3,42.72774373379998
3428105,4,35.211474524884785
3428105,5,34.06260245837296
3428105,6,38.83087503523999
3428105,7,31.858463058458284
3428105,8,32.510549526220395
3428105,9,31.212389271482262
3428105,10,33.48609744695884
3428105,11,31.188337237486706
3428105,12,32.66644936715319
3428105,13,31.214761920431492
3428105,14,31.53992989754527
3428105,15,31.092298514586233
3428105,16,31.522240010789286
3428105,17,31.08726053675199
3428105,18,31.238672218855204
3428105,19,31.101429732550557
3428105,20,31.121003005241313
3428105,21,31.08105820233764
3428105,22,31.122418757687587
3428105,23,31.078164346460536
3428105,24,31.111664992259698
3428105,25,31.077350884199685
3499534,0,34.6174288814581
3499534,1,33.60358978437694
3499534,2,37.02574122345415
3499534,3,30.82374489031296
3499534,4,39.852101147220445
3499534,5,33.3808810131109
3499534,6,43.506469936919764
3499534,7,31.629877497834723
3499534,8,33.13074862546455
3499534,9,31.655731402595602
3499534,10,30.964059083543475
3499534,11,31.76890839219669
3499534,12,30.785689911951927
3499534,13,31.49827958649137
3499534,14,30.526569449924708
3499534,15,32.770871036476734
3499534,16,30.5270450238265
3499534,17,30.539893333517995
3499534,18,30.462181023045783
3499534,19,30.558764757925992
3499534,20,30.473866685165437
3499534,21,30.612140524257985
3499534,22,30.463616526160862
3499534,23,30.449532471251572
3499534,24,30.464281694130044
3499534,25,30.493885353091617
3499534,26,30.45069170048562
3499534,27,30.47120340840763
3499534,28,30.451641187745068
3499534,29,30.454969574532043
3499534,30,30.449324918566763
3499534,31,30.45185616345738
3499534,32,30.44854773963233
2824458,0,71.16108984737374
2824458,1,84.50918481525721
2824458,2,85.33978138197205
2824458,3,85.20302109828182
2824458,4,79.82548813642371
2824458,5,62.935916427822285
2824458,6,53.74180854205025
2824458,7,68.46323591914924
2824458,8,110.16291997495703
2824458,9,58.892720389797006
2824458,10,69.970501906655
2824458,11,57.46759428645928
2824458,12,60.772404168445576
2824458,13,54.612011774406135
2824458,14,58.67151620199569
2824458,15,53.70230045061657
2824458,16,54.18134181177631
2824458,17,53.04206707297732
2824458,18,55.8203673846093
2824458,19,52.898078538342546
2824458,20,55.71167522179758
2824458,21,52.85829550460958
2824458,22,53.03078247838091
2824458,23,52.82529895630023
2824458,24,53.44564486693891
2824458,25,52.760922789394414
2824458,26,52.891783844678315
2824458,27,52.792860609788185
2824458,28,52.7560106409098
2824458,29,52.817616635165514
2824458,30,52.8486049795871
2824458,31,52.76386346076762
2580501,0,91.22320163366865
2580501,1,114.9332273918886
2580501,2,106.6124983337728
2580501,3,109.1179019836292
2580501,4,96.52066801370475
2580501,5,65.95631725906337
2580501,6,78.61911251406411
2580501,7,93.90108047669091
2580501,8,83.95630815175427
2580501,9,75.58113895877317
2580501,10,71.29701917152799
2580501,11,70.92868080444066
2580501,12,82.92841059848715
2580501,13,63.0834892427406
2580501,14,70.81682672315912
2580501,15,64.3327872419911
2580501,16,67.66521306010566
2580501,17,62.52191519187068
2580501,18,64.90773855765887
2580501,19,62.03314862304839
2580501,20,69.79167516397013
2580501,21,61.350805346054955
2580501,22,62.2525006161715
2580501,23,61.62289255752469
2580501,24,62.56463465270663
2580501,25,61.5355749667486
2580501,26,61.32856817157699
2580501,27,61.49036016380385
2580501,28,61.35094476007773
2580501,29,61.27884617342052
2580501,30,61.395122678733344
2580501,31,61.28537903025008
2580501,32,61.44610797264354
2580501,33,61.27573619436235
2819850,0,292.47159756708095
2819850,1,346.84205302363335
2819850,2,5662.53467410104
2819850,3,312.2416260394702
2819850,4,110.71331569805945
2819850,5,110.71331569805945
2819850,6,1343.5930523323132
2819850,7,340.60706669626234
2819850,8,331.506570005335
2819850,9,563.1179493132772
2819850,10,110.71331569805945
2819850,11,110.71331569805945
2819850,12,110.71331569805945
2819850,13,110.71331569805945
2819850,14,110.71331569805945
2819850,15,110.71331569805945
2819850,16,110.71331569805945
2819850,17,110.71331569805945
2819850,18,110.71331569805945
2819850,19,110.71331569805945
2819850,20,110.71331569805945
2819850,21,110.71331569805945
2819850,22,110.71331569805945
2819850,23,110.71331569805945
2819850,24,110.71331569805945
2819850,25,110.71331569805945
2819850,26,110.71331569805945
2819850,27,110.71331569805945
2819850,28,110.71331569805945
2819850,29,110.71331569805945
2819850,30,110.71331569805945
2819850,31,110.71331569805945
2819850,32,110.71331569805945
3499540,0,34.1778624073324
3499540,1,45.783004562879334
3499540,2,37.57029812597993
3499540,3,36.591396795835124
3499540,4,34.46032469098884
3499540,5,32.60883834882191
3499540,6,39.60544432952595
3499540,7,39.5499163005649
3499540,8,33.23023107811858
3499540,9,33.32533127152646
3499540,10,32.654639901054274
3499540,11,35.01133862099573
3499540,12,32.62096823427507
3499540,13,32.607440710018864
3499540,14,33.2560628419403
3499540,15,33.71366067516814
3499540,16,32.46274315360442
3499540,17,32.86618777384183
3499540,18,32.48390183777463
3499540,19,32.49343678806053
3499540,20,32.45068425643802
3499540,21,32.521147354677076
3499540,22,32.446840573658875
3499540,23,32.492030274379196
3499540,24,32.4430248354636
3499540,25,32.46527342496419
3499540,26,32.4468176966751
3499540,27,32.44973574166568
3499540,28,32.4425654111273
3499540,29,32.448646048983626
3499540,30,32.44142734034189
3499540,31,32.45200758225486
3499540,32,32.44130456617097
2567188,0,33.393749935142104
2567188,1,33.40628287196503
2567188,2,38.937914856394876
2567188,3,41.398775802199225
2567188,4,34.09383474998801
2567188,5,35.09872319298276
2567188,6,32.51977846924912
2567188,7,34.980140819393604
2567188,8,32.41145264396896
2567188,9,33.70618273669169
2567188,10,32.41214834322402
2567188,11,33.048749994103645
2567188,12,32.343443943967834
2567188,13,33.03083091311417
2567188,14,32.366082952264485
2567188,15,32.43921978022387
2567188,16,32.360309277469526
2567188,17,32.47342803861653
2567188,18,32.35036777773494
2567188,19,32.35743972027087
2567188,20,32.34728338942658
2567188,21,32.26071108705437
2567188,22,32.527045631395374
2567188,23,32.261245375790956
2567188,24,32.523741238955175
2567188,25,32.271928771044436
2567188,26,32.50377684188043
2567188,27,32.25418435098736
2567188,28,32.27755452792116
2567188,29,32.25697532752235
2567188,30,32.25351691746582
2567188,31,32.25227511466261
2567188,32,32.24961326499672
2567188,33,32.249553237842505
2567188,34,32.35745095012071
2567188,35,32.25098472235579
2567188,36,32.246426232640665
2567188,37,32.267306337435016
2567188,38,32.36620194495637
2567188,39,32.248521288461895
3684372,0,17.86408370032294
3684372,1,24.6706757493482
3684372,2,25.73521272822718
3684372,3,32.871805204473915
3684372,4,21.051401809482854
3684372,5,23.24568045176719
3684372,6,20.7879261518999
3684372,7,20.227802083996202
3684372,8,19.933173671558404
3684372,9,20.455128264217254
3684372,10,19.25745758868893
3684372,11,19.584991794584543
3684372,12,18.64345641006348
3684372,13,18.928603619269303
3684372,14,18.223208770172032
3684372,15,17.494127769749234
3684372,16,17.402738302649198
3684372,17,17.716400330477427
3684372,18,18.587344394581407
3684372,19,17.44003242567682
3684372,20,17.834533280802365
3684372,21,17.382852887040418
3684372,22,17.579939075249374
3684372,23,17.3460472516667
3684372,24,17.701935672311333
3684372,25,17.319651440080914
3684372,26,17.37797396844399
3684372,27,17.336114428635675
3684372,28,17.373487642786237
3684372,29,17.3287369357845
3684372,30,17.322649498558988
3684372,31,17.32841606247875
3684372,32,17.317752290714164
3428106,0,51.88907844552555
3428106,1,57.209487329878804
3428106,2,85.60360472166205
3428106,3,64.88373098283213
3428106,4,54.07623807294474
3428106,5,61.937379583180565
3428106,6,50.79212864169067
3428106,7,61.386014527618705
3428106,8,49.65819982692379
3428106,9,62.650325422595614
3428106,10,48.405973122794876
3428106,11,49.84060972771106
3428106,12,48.754961912564184
3428106,13,50.627228796920754
3428106,14,48.66732762095589
3428106,15,48.44631183252663
3428106,16,48.921371247840256
3428106,17,48.39592546029148
3428106,18,48.59590572418968
3428106,19,48.343660513981504
3428106,20,48.72229251654713
3428106,21,48.33016712631408
3428106,22,48.382439905904846
3428106,23,48.33837717597168
3428106,24,48.38244390890557
3428106,25,48.32838741252106
2818312,0,24.583668156229525
2818312,1,25.916106446276203
2818312,2,25.234077249741848
2818312,3,25.62441781085066
2818312,4,24.74158230487136
2818312,5,24.355933142471613
2818312,6,24.800774635815433
2818312,7,24.99136542001257
2818312,8,24.439754534627365
2818312,9,24.44376142652194
2818312,10,24.345931273710768
2818312,11,24.512276604732705
2818312,12,24.353673543608284
2818312,13,24.485447486326766
2818312,14,24.32756993316954
2818312,15,24.34971489382415
2818312,16,24.3335776158616
2818312,17,24.343775042089938
2818312,18,24.330751132103988
2818312,19,24.34542253074402
2818312,20,24.32853593262957
2818312,21,24.325311867874415
2818312,22,24.32886481499913
2818312,23,24.32940792075876
2818312,24,24.3265063271161
2818312,25,24.328153084205713
2818312,26,24.326181907943756
2818312,27,24.326071679303894
2818312,28,24.327549342749386
2818312,29,24.325497572764572
4080392,0,38.439716725429236
4080392,1,46.20889685003339
4080392,2,55.86131273527956
4080392,3,62.35875243396858
4080392,4,44.05399011740598
4080392,5,54.385856530343155
4080392,6,38.26125300516951
4080392,7,40.621964689564024
4080392,8,37.419954685523685
4080392,9,42.563116030897724
4080392,10,37.003611346086515
4080392,11,40.74247200454003
4080392,12,36.849859525749864
4080392,13,37.90469080938584
4080392,14,36.87899018737548
4080392,15,37.221772013297226
4080392,16,36.79772698249818
4080392,17,37.07365180841248
4080392,18,36.75927239259047
4080392,19,37.130141077454766
4080392,20,36.749157694740546
4080392,21,36.787612934590044
4080392,22,36.7500154898448
4080392,23,36.816722392549536
4080392,24,36.741678149421915
2824469,0,17.533208878569067
2824469,1,20.29620661883437
2824469,2,20.288744563098007
2824469,3,27.406462194184538
2824469,4,17.990084826722207
2824469,5,19.025853378348796
2824469,6,17.610585396579506
2824469,7,17.37283641331177
2824469,8,20.652964106705657
2824469,9,18.917991171240246
2824469,10,17.012928084721434
2824469,11,18.802356518810964
2824469,12,17.202563170547688
2824469,13,17.44686700485463
2824469,14,16.954974644337586
2824469,15,17.26283966576028
2824469,16,16.90156864232804
2824469,17,16.999136439246342
2824469,18,16.922102737054836
2824469,19,16.92885641671219
2824469,20,17.037695700956405
2824469,21,16.886839799991982
2824469,22,16.90194145917774
2824469,23,17.06712644320158
2824469,24,16.888777078278043
2824469,25,16.914903136896616
2824469,26,16.892294984360742
2824469,27,16.89712041968646
2824469,28,16.88719922813372
2568968,0,60.63549009371205
2568968,1,78.03036202354927
2568968,2,64.66395860797878
2568968,3,64.5243933967086
2568968,4,56.24425857516416
2568968,5,60.64529391757673
2568968,6,64.71243877847033
2568968,7,56.673014313701636
2568968,8,66.24763404872655
2568968,9,55.618874498911225
2568968,10,58.50578591382413
2568968,11,54.99392390793341
2568968,12,58.16861415598462
2568968,13,54.81264954064338
2568968,14,57.13929930642832
2568968,15,54.81822301560276
2568968,16,55.505266906874816
2568968,17,54.72504687879966
2568968,18,55.307099932761176
2568968,19,54.68546152439063
2568968,20,54.954498439073376
2568968,21,54.698356641009404
2568968,22,54.7650492695264
2568968,23,54.684563876431866
2568968,24,54.73040832208199
2568968,25,54.67819864732738
2568968,26,54.72508631774323
2568968,27,54.6759070244567
2948877,0,28.805416086733608
2948877,1,34.68490480188563
2948877,2,54.324033170910134
2948877,3,36.690787990315236
2948877,4,30.88678384774661
2948877,5,28.73168566770839
2948877,6,37.90419294618342
2948877,7,44.53577493749103
2948877,8,27.415234562446376
2948877,9,29.754343272522554
2948877,10,27.06975017875293
2948877,11,29.66395545514138
2948877,12,27.090838018346787
2948877,13,29.921241053787654
2948877,14,26.794531273981356
2948877,15,27.18085978055127
2948877,16,26.842862987795485
2948877,17,27.14307957380874
2948877,18,26.816917074697663
2948877,19,26.8197018838322
2948877,20,26.760319606691674
2948877,21,27.05668782691871
2948877,22,26.746817695532968
2948877,23,26.812256099895535
2948877,24,26.757853593387498
2948877,25,26.745413066784234
2948877,26,26.764056711180384
2948877,27,26.783784100043945
2948877,28,26.74472976331224
4051731,0,55.43277502881872
4051731,1,58.76582182153213
4051731,2,57.01775450581779
4051731,3,56.98481207831033
4051731,4,55.82165917561292
4051731,5,56.31085854138953
4051731,6,55.74484813905556
4051731,7,62.003455877686044
4051731,8,55.527530434455514
4051731,9,55.517543536589244
4051731,10,55.06566478976912
4051731,11,55.429133528443636
4051731,12,55.609236528940734
4051731,13,55.29833140558853
4051731,14,56.17958387561962
4051731,15,55.221085723473614
4051731,16,54.78114106567042
4051731,17,54.19345814323603
4051731,18,53.79043375294737
4051731,19,53.10377498733744
4051731,20,50.5928271896878
4051731,21,56.59978716572552
4051731,22,67.25131773349591
4051731,23,52.21261462882314
4051731,24,49.68753901954395
4051731,25,50.45305657313753
4051731,26,50.22063053112882
4051731,27,49.98225597001319
4051731,28,52.67760252369915
4051731,29,49.643459710951866
4051731,30,50.00785295976012
4051731,31,49.5906381115571
4051731,32,49.82321081476529
4051731,33,49.38373026855774
4051731,34,49.78020780643026
4051731,35,49.52921857771632
4051731,36,49.395343509086324
4051731,37,49.51685996571613
4051731,38,49.39631662714354
4051731,39,49.42713942852973
4051731,40,49.37256865529736
4051731,41,49.439057260270374
4051731,42,49.3723757672511
4051731,43,49.40911454541958
4051731,44,49.37075633459096
2940680,0,1469.687591822799
2940680,1,4180.847227446642
2940680,2,1265.7248738043963
2940680,3,3023.131381510835
2940680,4,1177.501336672195
2940680,5,969.446649009231
2940680,6,937.3369115067717
2940680,7,503.7050749821675
2940680,8,666.9245838022181
2940680,9,2715.4986631620773
2940680,10,276.4233840070924
2940680,11,3563.777959155809
2940680,12,276.4233840070924
2940680,13,276.4233840070924
2940680,14,444.63091602266684
2940680,15,276.4233840070924
2940680,16,710.0415416086001
2940680,17,276.4233840070924
2940680,18,276.4233840070924
2940680,19,709.8678671969543
2940680,20,276.4233840070924
2940680,21,276.4233840070924
2940680,22,276.4233840070924
2940680,23,528.3459199140302
2940680,24,276.4233840070924
2940680,25,276.4233840070924
2940680,26,276.4233840070924
2940680,27,276.4233840070924
2940680,28,276.4233840070924
2940680,29,276.4233840070924
2940680,30,276.4233840070924
2940680,31,276.4233840070924
2940680,32,276.4233840070924
2940680,33,276.4233840070924
2940680,34,276.4233840070924
2940680,35,276.4233840070924
2940680,36,276.4233840070924
2940680,37,276.4233840070924
2940680,38,276.4233840070924
4051727,0,19.10271420791664
4051727,1,28.655247591849037
4051727,2,24.545389811039126
4051727,3,34.10925209095471
4051727,4,18.966144547635317
4051727,5,39.553511672899624
4051727,6,18.127828380899878
4051727,7,24.523885635126767
4051727,8,15.882863730475052
4051727,9,19.99310050040461
4051727,10,16.965562506274317
4051727,11,18.838946170379746
4051727,12,16.685346697887255
4051727,13,16.440047048044686
4051727,14,17.74475550776677
4051727,15,16.10843196344648
4051727,16,16.365381262159453
4051727,17,16.01469266320378
4051727,18,16.333985736308115
4051727,19,15.935789304635398
4051727,20,15.917797804888215
4051727,21,16.128715589939798
4051727,22,15.871599287883862
4051727,23,15.942011137607095
4051727,24,15.873740681141642
4051727,25,15.927895654834595
4051727,26,15.864895300102768
4051727,27,15.877551778575512
4051727,28,15.865410854994431
4051727,29,15.884790389363632
4051727,30,15.864780138029225
2828564,0,11.403048810006089
2828564,1,32.53983367518627
2828564,2,11.112847230813893
2828564,3,9.269686967203368
2828564,4,11.499625026344047
2828564,5,11.825790483523756
2828564,6,8.413578171114343
2828564,7,12.881257541487967
2828564,8,8.878818814728413
2828564,9,16.39274267765386
2828564,10,8.407423944640797
2828564,11,8.428888237437494
2828564,12,8.12173521001071
2828564,13,8.974015409645983
2828564,14,8.106363154255954
2828564,15,8.496792837485513
2828564,16,8.184952127343623
2828564,17,8.164350005169947
2828564,18,8.10180201266879
2828564,19,8.225247669040318
2828564,20,8.087865637683015
2828564,21,8.155719873150804
2828564,22,8.09282734784433
2828564,23,8.093941906734901
2828564,24,8.087983176106741
2828564,25,8.105601691232756
2828564,26,8.08943396991604
2828564,27,8.095606118062681
2828564,28,8.089557369394408
2828564,29,8.090748688305782
2828564,30,8.090345833740509
2819861,0,62.07309900394241
2819861,1,4481.556008072709
2819861,2,3399.8808396910263
2819861,3,6870.506264302274
2819861,4,360.383875902055
2819861,5,310.17962203367114
2819861,6,62.07309900394241
2819861,7,62.07309900394241
2819861,8,62.07309900394241
2819861,9,62.07309900394241
2819861,10,62.07309900394241
2819861,11,314.8934671415729
2819861,12,62.07309900394241
2819861,13,62.07309900394241
2819861,14,62.07309900394241
2819861,15,62.07309900394241
2819861,16,62.07309900394241
2819861,17,62.07309900394241
2819861,18,62.07309900394241
2819861,19,62.07309900394241
2819861,20,62.07309900394241
2819861,21,62.07309900394241
2819861,22,62.07309900394241
2819861,23,62.07309900394241
2819861,24,62.07309900394241
2819861,25,62.07309900394241
2819861,26,62.07309900394241
2832399,0,58.03078200381395
2832399,1,53.77590941916632
2832399,2,61.239580312610315
2832399,3,60.91080115955983
2832399,4,56.15892757474259
2832399,5,55.93034218230524
2832399,6,67.95460611159302
2832399,7,54.36182322274566
2832399,8,55.91694746104814
2832399,9,54.396721836466995
2832399,10,54.45547083149624
2832399,11,53.98544793237629
2832399,12,54.33635395270149
2832399,13,53.92331709620489
2832399,14,54.207956040913906
2832399,15,53.83146054560383
2832399,16,53.79239772090757
2832399,17,53.874928613810354
2832399,18,53.77406426823667
2832399,19,53.85592011312165
2832399,20,53.76399048781022
2832399,21,53.83111193882417
2832399,22,53.761480447445685
2832399,23,53.7695665171945
2832399,24,53.76187225071943
2832399,25,53.77065148590531
2832399,26,53.76087091597001
2832399,27,53.76271565687948
2832399,28,53.76063736821299
3428116,0,56.67491695044256
3428116,1,53.42515493659644
3428116,2,60.17453514195774
3428116,3,63.440796359405695
3428116,4,55.24146575350529
3428116,5,51.928013117570615
3428116,6,54.07707894603578
3428116,7,58.74819619499972
3428116,8,52.98499677799828
3428116,9,53.795737980985656
3428116,10,52.40576977535252
3428116,11,53.040142238542124
3428116,12,52.26000128699509
3428116,13,52.0097246007347
3428116,14,52.35458588061926
3428116,15,51.93404812192958
3428116,16,52.037371890493176
3428116,17,51.905644941527505
3428116,18,52.03850312178225
3428116,19,51.87927225342502
3428116,20,52.0618558716629
3428116,21,51.881670700960676
3428116,22,51.883620919496096
3428116,23,51.87358747367173
3428116,24,51.89139282097189
3428116,25,51.87378470339779
3428116,26,51.893362284886564
3428116,27,51.872800448658055
2826249,0,46.34801661414119
2826249,1,67.45242245705018
2826249,2,52.20450686323374
2826249,3,51.16599371391808
2826249,4,57.90609970845048
2826249,5,48.84774991945028
2826249,6,55.45574524401118
2826249,7,48.287105160988666
2826249,8,48.892546352406534
2826249,9,48.13862271298356
2826249,10,46.43904961354876
2826249,11,50.328812778389285
2826249,12,49.03612709999613
2826249,13,45.72834653253965
2826249,14,48.83412044775478
2826249,15,44.65366639815225
2826249,16,48.64825413910682
2826249,17,46.95410649842057
2826249,18,45.020236086232586
2826249,19,44.0427147434944
2826249,20,44.74514302897871
2826249,21,47.10556019885514
2826249,22,44.16178556295422
2826249,23,43.590436282652625
2826249,24,43.560594548049195
2826249,25,43.01902898101324
2826249,26,42.757285466491005
2826249,27,43.24584881146545
2826249,28,42.37266135120679
2826249,29,42.68770859893874
2826249,30,43.643641840683706
2826249,31,42.56036640466356
2826249,32,42.8722520747346
2826249,33,42.4800038657466
2826249,34,42.5700082187799
2826249,35,42.43090544916056
2826249,36,42.430827760060744
2826249,37,42.513508674676075
2826249,38,42.38523933200746
2826249,39,42.410469667157855
2826249,40,42.37821027626701
2826249,41,42.4032606029556
2826249,42,42.37260263956227
2826249,43,42.37948735874255
2826249,44,42.37152475752606
2819859,0,50.9105473596988
2819859,1,4043.0976995126193
2819859,2,6097.224877185089
2819859,3,292.6587889457096
2819859,4,2344.3907237008934
2819859,5,2121.2243542903175
2819859,6,5770.509090221205
2819859,7,50.9105473596988
2819859,8,5542.308830085672
2819859,9,1740.6237380817847
2819859,10,50.9105473596988
2819859,11,3121.5081384436753
2819859,12,1819.5979616548336
2819859,13,50.9105473596988
2819859,14,50.9105473596988
2819859,15,50.9105473596988
2819859,16,298.7070823017715
2819859,17,50.9105473596988
2819859,18,50.9105473596988
2819859,19,50.9105473596988
2819859,20,50.9105473596988
2819859,21,50.9105473596988
2819859,22,50.9105473596988
2819859,23,50.9105473596988
2819859,24,50.9105473596988
2819859,25,50.9105473596988
2819859,26,50.9105473596988
2819859,27,50.9105473596988
3538707,0,52.18054239357116
3538707,1,85.21052669325366
3538707,2,68.7358946689364
3538707,3,60.968921918800646
3538707,4,50.58404141232225
3538707,5,60.067926868827854
3538707,6,65.1978465488417
3538707,7,53.265501539840855
3538707,8,53.6198468405676
3538707,9,49.80967135338159
3538707,10,60.25965879648935
3538707,11,48.15408143247205
3538707,12,55.053639138179214
3538707,13,48.88115072777259
3538707,14,48.15411120175597
3538707,15,50.25807194871348
3538707,16,48.18491170075186
3538707,17,48.77031904427814
3538707,18,48.109028415730734
3538707,19,49.40162673533515
3538707,20,48.069869279918606
3538707,21,48.263841661259534
3538707,22,47.811689912906616
3538707,23,47.85692313932284
3538707,24,48.58009556450254
3538707,25,47.72476703861875
3538707,26,48.178525580497016
3538707,27,47.74021559189006
3538707,28,47.7650105428404
3538707,29,47.76081707499593
3538707,30,47.77070336861227
3538707,31,47.76677890377447
3538707,32,47.77120998386578
3538707,33,47.75083300729852
3301907,0,43.708309412772735
3301907,1,96.12953007496306
3301907,2,61.22427491145281
3301907,3,65.0649003996495
3301907,4,54.85187046968116
3301907,5,48.50284825642776
3301907,6,61.797451594603125
3301907,7,47.72805495306056
3301907,8,52.825862545261536
3301907,9,45.81203743471532
3301907,10,47.476561470302634
3301907,11,44.33634864299643
3301907,12,49.58307582414213
3301907,13,44.06925526662274
3301907,14,44.03117413466637
3301907,15,45.275891492629796
3301907,16,43.6941638010266
3301907,17,44.06226460086943
3301907,18,43.64804138304934
3301907,19,44.36514494096965
3301907,20,43.57128426976382
3301907,21,43.76166465001266
3301907,22,43.61505301882839
3301907,23,43.57382168990026
3301907,24,43.64637496705141
3301907,25,43.57568162299863
3301907,26,43.59882618408812
3301907,27,43.565957123580965
3301907,28,43.591983505639575
3301907,29,43.577402535691164
3301907,30,43.57444158288129
3301907,31,43.57030380128581
3301896,0,42.21455255950532
3301896,1,93.72988214039165
3301896,2,54.908296410577826
3301896,3,48.885121592477226
3301896,4,42.46918993730741
3301896,5,56.6252721509805
3301896,6,40.950184088825424
3301896,7,52.64592275924468
3301896,8,38.353442989223744
3301896,9,50.25089968450794
3301896,10,38.09095606986381
3301896,11,39.1287795956973
3301896,12,37.73802962949704
3301896,13,40.75727943191549
3301896,14,37.58125904948351
3301896,15,37.8715015601963
3301896,16,37.589196555013515
3301896,17,38.05443845849
3301896,18,37.54783397797109
3301896,19,37.633150849461515
3301896,20,37.53874225374353
3301896,21,37.75720229233557
3301896,22,37.52836217592698
3301896,23,37.598429264839304
3301896,24,37.53349420848185
3301896,25,37.534326884455346
3301896,26,37.51971213878871
3301896,27,37.549394391791026
3301896,28,37.51018565132144
2824467,0,10.208856797217727
2824467,1,21.507129198507137
2824467,2,15.947924661405782
2824467,3,16.184890864015923
2824467,4,14.145408219633746
2824467,5,15.322272087531479
2824467,6,11.799046231868449
2824467,7,11.145295875951637
2824467,8,13.389959502297682
2824467,9,10.783094627288394
2824467,10,12.761386993310312
2824467,11,10.813242977185396
2824467,12,11.079907422598787
2824467,13,10.405744406427281
2824467,14,10.224548898379815
2824467,15,10.784574984787815
2824467,16,10.157732730914248
2824467,17,10.421388224009117
2824467,18,10.128855452304451
2824467,19,10.282837409665085
2824467,20,10.071055189437958
2824467,21,10.209769139506024
2824467,22,10.129425255049611
2824467,23,10.157725279078601
2824467,24,10.121614614171873
2824467,25,10.158711691506191
2824467,26,10.12608451160294
2824467,27,10.13610714329673
2824467,28,10.124550204065924
2824467,29,10.130782481280079
2824467,30,10.12315904718409
2824467,31,10.134714365259546
2824467,32,10.119851972041653
2824467,33,10.135474459012215
2824467,34,10.12617273732223
2824467,35,10.128556522657064
2824467,36,10.125567633590263
2824467,37,10.129624984988258
2824467,38,10.128817344701734
2824467,39,10.113477820964125
2824467,40,10.132020727497443
2824467,41,10.132649102522256
2824467,42,10.132170763465929
2824467,43,10.127204443617721
2824467,44,10.133466595137339
2824467,45,10.132201275485485
2824467,46,10.133714246292294
2824467,47,10.133633645390901
2824467,48,10.130483399517047
2824467,49,10.132073222101718
2824467,50,10.131526679440457
2824467,51,10.128969219850685
2824467,52,10.131284982433273
2824467,53,10.130668801156208
2824467,54,10.130842552831748
2824467,55,10.130992457715681
2824467,56,10.131353053028052
2824467,57,10.131087737635346
2824467,58,10.131171263573561
2824467,59,10.131198366597761
2824467,60,10.131379593281643
2824467,61,10.13125037601855
2824467,62,10.131292832071326
2824467,63,10.13130381273322
2824467,64,10.131394589913617
2824467,65,10.131066835876691
2824467,66,10.131442933986273
2824467,67,10.13132631451296
2824467,68,10.131372207353593
2824467,69,10.131346730233352
2824467,70,10.131398040422258
2824467,71,10.131368611067936
2824467,72,10.13138405613406
2824467,73,10.131378556210022
2824467,74,10.131379585822204
2824467,75,10.131396647859738
2824467,76,10.131404387454825
2824467,77,10.131401644890916
2824467,78,10.131393691972276
2824467,79,10.115616997533571
2824467,80,10.131416793041279
2824467,81,10.126239171634985
2824467,82,10.131416765387037
2824467,83,10.131403373338069
2824467,84,10.131402846227678
2824467,85,10.131406469205238
2824467,86,10.131414531261465
2824467,87,10.131403965313371
2824467,88,10.131406939887624
2824467,89,10.131027421186326
2824467,90,10.078144332027065
2824467,91,10.131415936762847
2824467,92,10.131407149938628
2824467,93,10.131414798262798
2824467,94,10.13141018476005
2824467,95,10.131406622212012
2824467,96,10.131407684433704
2824467,97,10.131407149938628
2824467,98,10.1314081443698
2824467,99,10.1314081443698
2824467,100,10.13140741150903
2824467,101,10.131409520897753
2824467,102,10.131409897448547
2824467,103,10.131409998642667
2824467,104,10.131409392866681
2824467,105,10.131409230386543
2824467,106,10.131414479630923
2824467,107,10.1314086869609
2824467,108,10.131408888703787
2824467,109,10.131408850055543
2824467,110,10.131408888703787
2824467,111,10.1314089250142
2824467,112,10.131409230386543
2824467,113,10.126250321431023
2824467,114,10.138519030335921
2824467,115,10.131409844480254
2824467,116,10.131411788298015
2824467,117,10.12624967300991
2824467,118,10.131410212698786
2824467,119,10.138516291340327
2824467,120,10.131410212698786
2824467,121,10.126249331972764
2824467,122,10.131410859106133
2824467,123,10.138516711188705
2824467,124,10.13141064525194
2824467,125,10.126250321431023
2824467,126,10.1333466778507
2824467,127,10.131410950622044
2824467,128,10.103360455831265
2824467,129,10.13141090681396
2824467,130,10.088773350759773
2828558,0,42.77221929731035
2828558,1,49.833854418939644
2828558,2,44.869514121675245
2828558,3,45.2219550381083
2828558,4,42.38425530605161
2828558,5,41.97369403789091
2828558,6,42.909839957173716
2828558,7,42.19168712682316
2828558,8,42.296403961490654
2828558,9,42.31950957524962
2828558,10,41.79342936927391
2828558,11,41.432450276942106
2828558,12,42.00177775750162
2828558,13,42.46134814173751
2828558,14,41.61690416158868
2828558,15,42.380240984043866
2828558,16,41.23956614984007
2828558,17,42.049939825715825
2828558,18,41.28035693426239
2828558,19,42.114136819864726
2828558,20,41.191828817671315
2828558,21,41.30057347562333
2828558,22,41.205936907345475
2828558,23,41.18914785921168
2828558,24,41.278926873136854
2828558,25,41.36066771208477
2828558,26,41.17217045576205
2828558,27,41.18118198234935
2828558,28,41.20206963093859
2828558,29,41.174371035302855
2828558,30,41.17873822114184
2828558,31,41.17234035784306
2828558,32,41.18473798277399
2828558,33,41.17046293527999
2828558,34,41.17200967263766
2828558,35,41.17386111704329
2828558,36,41.1707698100788
2837267,0,122.0400539739891
2837267,1,194.4239356879841
2837267,2,102.28436157949001
2837267,3,153.89695674235398
2837267,4,92.80047875264161
2837267,5,66.01981096772143
2837267,6,124.08244433014727
2837267,7,435.7533071128351
2837267,8,91.8007713118679
2837267,9,90.90409428057181
2837267,10,66.53502592293503
2837267,11,130.1308036929995
2837267,12,91.36667193734081
2837267,13,86.51792645307044
2837267,14,81.51763085254724
2837267,15,52.63196394953162
2837267,16,81.58886952501125
2837267,17,48.65975875164176
2837267,18,73.81595672893685
2837267,19,46.00948040871345
2837267,20,108.1494653188834
2837267,21,92.80045233356981
2837267,22,45.56875432466022
2837267,23,85.00019782209495
2837267,24,44.83302893773721
2837267,25,47.88926756907255
2837267,26,43.98737149917797
2837267,27,48.08296134432993
2837267,28,35.84835820777342
2837267,29,47.868635904657495
2837267,30,44.54717425792583
2837267,31,44.55365384150825
2837267,32,41.804355331137266
2837267,33,41.669142161710305
2837267,34,49.05066871489589
2837267,35,38.0813101218369
2837267,36,39.50123333466639
2837267,37,41.50069539788101
2837267,38,35.39236404837227
2837267,39,41.01737671758473
2837267,40,41.498514920215186
2837267,41,37.084430974437744
2837267,42,37.794343315814935
2837267,43,36.882244708532454
2837267,44,37.08864354443936
2837267,45,35.85435752244213
2837267,46,38.292802417161
2837267,47,36.05789450500891
2837267,48,35.60163006494594
2837267,49,36.0718200302532
2837267,50,35.35286616695486
2837267,51,38.347562285241914
2837267,52,38.77065866068227
2837267,53,34.695677538162066
2837267,54,34.882173672521006
2837267,55,35.353264469780086
2837267,56,35.40480624657663
2837267,57,35.34557796302222
2837267,58,35.378932351240934
2837267,59,35.400966840746825
2837267,60,35.598218399828006
2837267,61,35.36911250246191
2837267,62,35.40973504041022
2837267,63,35.41729466694378
2837267,64,35.057296972281065
2837267,65,35.35203203407268
2837267,66,35.443191766863926
2837267,67,35.378977484978286
2837267,68,35.386915732268406
2837267,69,36.27749222720918
2837267,70,34.86122446198196
2837267,71,35.37170392136601
2837267,72,35.38370548692386
2837267,73,35.4404941576302
2837267,74,35.68781993481844
2837267,75,35.39384312494197
2837267,76,35.37565981099754
2837267,77,35.36819917411603
2837267,78,35.50076606791932
2837267,79,35.363404442479585
2837267,80,35.589202517989605
2837267,81,35.4130186433505
2837267,82,35.516297384624316
2837267,83,35.409147423835776
2837267,84,35.39586718685006
2837267,85,35.3903029067209
2837267,86,35.39390496855046
2837267,87,35.362900408677596
2837267,88,35.39498530279985
2837267,89,35.418089997812665
2837267,90,35.38168500653629
2837267,91,35.34220970540454
2837267,92,33.79188867150437
2837267,93,35.405267089007154
2837267,94,35.41443558682399
2837267,95,35.392724274278955
2837267,96,35.412636638979656
2837267,97,36.205839720421565
2837267,98,35.425388930665775
2837267,99,34.78622260942357
2837267,100,35.49259528749104
2837267,101,35.38617234293072
2837267,102,35.321786963431634
2837267,103,36.24114367584622
2837267,104,35.359940513655026
2837267,105,35.37820895703519
2837267,106,35.402447359196344
2837267,107,35.36129283990906
2837267,108,35.407959277037136
2837267,109,35.36128934544588
2837267,110,35.421233360806006
2837267,111,35.42121057689533
2837267,112,35.407908068991226
2837267,113,35.38954758072209
2837267,114,35.36152517814495
2837267,115,35.39085710347654
2837267,116,34.88463367867471
2837267,117,36.29075269279075
2837267,118,34.918071728345716
2837267,119,35.435228833894406
2837267,120,35.377797242610626
2837267,121,34.89045835912367
2837267,122,35.39082099043116
2837267,123,34.88462391042211
2837267,124,34.87130159925681
2837267,125,35.37779565325196
2837267,126,34.86664261994363
2837267,127,34.899330671276815
2837267,128,34.88462363375377
2837267,129,34.9009226465803
2837267,130,34.89576908968792
2837267,131,34.89113941945114
2837267,132,35.37779450876712
2837267,133,34.901065964699015
2837267,134,34.885702521030645
2837267,135,34.90800179019798
2837267,136,35.39079519802916
2837267,137,34.88599832525361
2837267,138,34.89192639425978
2837267,139,34.90649652711791
2837267,140,34.91931917989227
2837267,141,34.89192835574123
2837267,142,34.89595867163508
2837267,143,34.89099429494278
2837267,144,34.89099460204592
2837267,145,34.90521631670244
2837267,146,35.04866692622807
2837267,147,34.901068284683454
2837267,148,34.9088121609017
2837267,149,34.90075103887928
2837267,150,34.90109377628452
2837267,151,34.88594717072764
2837267,152,34.88787185226755
2837267,153,34.9071634891336
2837267,154,34.89129014342754
2837267,155,34.90404037729847
2837267,156,34.88012201581987
2837267,157,34.88747149659027
2837267,158,34.88895594014354
2837267,159,35.05009319433351
2837267,160,34.89698740228005
2837267,161,34.89455498349282
2837267,162,34.899036527263945
2837267,163,33.819803828644766
2837267,164,33.79236717418829
