event_idx,from_cell,to_cell,dur_s,pA_from,pA_to,pB_from,pB_to,correct_A,correct_B,hda_correct,flip_correct,margin_A_dB,margin_B_dB
0,26367489.0,33802242.0,51.0,-63.30933380126953,-61.171714782714844,-63.47724914550781,-60.951751708984375,False,True,False,True,-2.1376190185546875,2.5254974365234375
1,33802242.0,33802241.0,45.0,-63.35432434082031,-58.92608642578125,-63.51123046875,-58.64002227783203,False,True,False,True,-4.4282379150390625,4.871208190917969
2,33802241.0,30829824.0,89.0,-62.2684326171875,-56.60363006591797,-62.445899963378906,-56.196372985839844,False,True,False,True,-5.664802551269531,6.2495269775390625
3,30829824.0,30829312.0,32.0,-53.681907653808594,-54.098052978515625,-54.285743713378906,-53.531646728515625,True,True,True,True,0.41614532470703125,0.7540969848632812
4,34006272.0,30828801.0,13.0,-54.98625183105469,-54.789817810058594,-55.73411560058594,-53.92735290527344,False,True,False,True,-0.19643402099609375,1.8067626953125
5,30828801.0,30828800.0,12.0,-49.164825439453125,-44.52709197998047,-50.65735626220703,-45.24004364013672,False,True,False,True,-4.637733459472656,5.4173126220703125
6,30828800.0,34006529.0,16.0,-58.07593536376953,-59.64240264892578,-58.66486358642578,-59.11266326904297,True,False,False,False,1.56646728515625,-0.4477996826171875
7,34006529.0,34006528.0,24.0,-43.52045440673828,-43.404014587402344,-45.23927307128906,-45.33319091796875,False,False,False,True,-0.1164398193359375,-0.0939178466796875
8,34007041.0,34007040.0,45.0,-48.973487854003906,-44.045677185058594,-49.06920623779297,-43.2274169921875,False,True,False,True,-4.9278106689453125,5.841789245605469
9,34007040.0,30827265.0,10.0,-44.78245544433594,-46.77659606933594,-45.555702209472656,-46.02772521972656,True,False,False,False,1.994140625,-0.47202301025390625
10,30827265.0,30827264.0,71.0,-46.794227600097656,-50.53374481201172,-47.723655700683594,-50.13134765625,True,False,False,False,3.7395172119140625,-2.4076919555664062
11,26607105.0,26681600.0,38.0,-56.61506652832031,-42.58763122558594,-56.61506652832031,-42.58763122558594,False,True,False,True,-14.027435302734375,14.027435302734375
12,26681600.0,26607105.0,60.0,-42.655059814453125,-56.53296661376953,-42.84355926513672,-56.410438537597656,True,False,False,False,13.877906799316406,-13.566879272460938
13,26607105.0,26722816.0,41.0,-64.1178970336914,-59.42826843261719,-64.31752014160156,-59.07837677001953,False,True,False,True,-4.689628601074219,5.239143371582031
14,26722816.0,26349058.0,72.0,-61.69744873046875,-64.99687194824219,-62.00892639160156,-64.77064514160156,True,False,False,False,3.2994232177734375,-2.76171875
15,26349058.0,26369024.0,132.0,-65.49431610107422,-65.17744445800781,-65.72438049316406,-64.93164825439453,False,True,False,True,-0.31687164306640625,0.7927322387695312
16,26369024.0,26369025.0,33.0,-63.28223419189453,-55.91619873046875,-63.536651611328125,-55.19090270996094,False,True,False,True,-7.366035461425781,8.345748901367188
17,26369025.0,26358784.0,169.0,-59.11903381347656,-56.15934753417969,-59.39024353027344,-55.741798400878906,False,True,False,True,-2.959686279296875,3.6484451293945312
18,26358784.0,26358785.0,27.0,-54.72937774658203,-51.648719787597656,-55.22700500488281,-51.425743103027344,False,True,False,True,-3.080657958984375,3.8012619018554688
19,26358785.0,26359553.0,39.0,-58.316490173339844,-53.5345458984375,-58.29552459716797,-52.95356750488281,False,True,False,True,-4.781944274902344,5.341957092285156
20,26359552.0,26359554.0,33.0,-47.30646514892578,-47.784507751464844,-47.575477600097656,-46.683311462402344,True,True,True,True,0.4780426025390625,0.8921661376953125
21,26359552.0,26720002.0,27.0,-55.79792785644531,-56.246116638183594,-56.28355407714844,-55.69486999511719,True,True,True,True,0.44818878173828125,0.58868408203125
22,26720002.0,26795520.0,70.0,-56.26606750488281,-53.91319274902344,-56.77519989013672,-53.217376708984375,False,True,False,True,-2.352874755859375,3.5578231811523438
23,26795520.0,26367744.0,27.0,-54.93976593017578,-53.44801330566406,-55.65855407714844,-52.46287536621094,False,True,False,True,-1.4917526245117188,3.1956787109375
24,26367744.0,26351361.0,18.0,-58.41961669921875,-57.352073669433594,-58.79057312011719,-56.90106201171875,False,True,False,True,-1.0675430297851562,1.8895111083984375
25,26351361.0,26351360.0,21.0,-47.0201416015625,-54.72900390625,-48.2744140625,-53.96356201171875,True,False,False,False,7.7088623046875,-5.68914794921875
26,26351360.0,26351362.0,15.0,-56.7364501953125,-53.28192901611328,-57.302581787109375,-52.604026794433594,False,True,False,True,-3.4545211791992188,4.698554992675781
27,26368257.0,26368258.0,91.0,-55.1708984375,-54.46330261230469,-55.842681884765625,-53.832763671875,False,True,False,True,-0.7075958251953125,2.009918212890625
28,26368258.0,28650241.0,128.0,-58.10889434814453,-59.46770477294922,-58.32958984375,-59.26130676269531,True,False,False,False,1.3588104248046875,-0.9317169189453125
29,28650241.0,26947072.0,10.0,-104.54603576660156,-270.0,-270.0,-270.0,True,False,False,False,165.45396423339844,0.0
30,26947072.0,28792066.0,27.0,-104.25355529785156,-270.0,-104.40591430664062,-270.0,True,False,False,False,165.74644470214844,-165.59408569335938
31,28792066.0,26947072.0,27.0,-83.72931671142578,-75.04612731933594,-102.64492797851562,-74.8450927734375,False,True,False,True,-8.683189392089844,27.799835205078125
32,28792066.0,26947072.0,47.0,-270.0,-57.5855712890625,-270.0,-57.18952941894531,False,True,False,True,-212.4144287109375,212.8104705810547
33,26366722.0,26917120.0,13.0,-60.47966003417969,-85.49844360351562,-60.96360778808594,-85.83505249023438,True,False,False,False,25.018783569335938,-24.871444702148438
34,26917120.0,40782336.0,158.0,-74.25179290771484,-270.0,-63.884727478027344,-84.66735076904297,True,False,False,False,195.74820709228516,-20.782623291015625
35,40782336.0,26947073.0,16.0,-104.24200439453125,-49.20372772216797,-270.0,-48.13871765136719,False,True,False,True,-55.03827667236328,221.8612823486328
36,26947073.0,26947074.0,70.0,-57.661041259765625,-73.04741668701172,-58.089942932128906,-71.42601013183594,True,False,False,False,15.386375427246094,-13.336067199707031
37,34210561.0,34210562.0,35.0,-51.33659362792969,-66.22038269042969,-53.014137268066406,-65.98301696777344,True,False,False,False,14.8837890625,-12.968879699707031
38,34210562.0,26347520.0,20.0,-59.440879821777344,-59.89881896972656,-59.9534912109375,-59.20692443847656,True,True,True,True,0.45793914794921875,0.7465667724609375
39,30625794.0,40812800.0,76.0,-47.807212829589844,-65.76095581054688,-48.94275665283203,-65.50133514404297,True,False,False,False,17.95374298095703,-16.558578491210938
40,40812800.0,26356993.0,159.0,-63.09130859375,-69.97764587402344,-63.408287048339844,-69.8612060546875,True,False,False,False,6.8863372802734375,-6.452919006347656
41,26356993.0,26353920.0,48.0,-69.85100555419922,-57.02808380126953,-69.91740417480469,-56.7738037109375,False,True,False,True,-12.822921752929688,13.143600463867188
42,26353920.0,26365186.0,81.0,-54.032737731933594,-63.99671936035156,-54.6490478515625,-63.78070831298828,True,False,False,False,9.963981628417969,-9.131660461425781
43,26365186.0,26365185.0,120.0,-60.49537658691406,-63.27240753173828,-60.64613342285156,-63.230735778808594,True,False,False,False,2.7770309448242188,-2.5846023559570312
44,26365185.0,26363650.0,32.0,-66.53695678710938,-50.36378479003906,-66.67884826660156,-48.7900390625,False,True,False,True,-16.173171997070312,17.888809204101562
45,26363650.0,26363649.0,11.0,-57.810943603515625,-51.26244354248047,-58.277923583984375,-51.41999053955078,False,True,False,True,-6.548500061035156,6.857933044433594
46,26363649.0,29127682.0,113.0,-56.93927001953125,-57.031402587890625,-57.33436584472656,-56.67535400390625,True,True,True,True,0.092132568359375,0.6590118408203125
47,29127680.0,29127681.0,45.0,-65.27100372314453,-62.879364013671875,-65.25956726074219,-62.82489013671875,False,True,False,True,-2.3916397094726562,2.4346771240234375
48,29127680.0,29127681.0,54.0,-65.20294189453125,-61.708229064941406,-65.26679992675781,-61.50892639160156,False,True,False,True,-3.4947128295898438,3.75787353515625
49,26357760.0,29127680.0,21.0,-42.144874572753906,-67.80145263671875,-43.01264190673828,-67.87379455566406,True,False,False,False,25.656578063964844,-24.86115264892578
50,29127680.0,26367489.0,13.0,-68.6416244506836,-61.00413513183594,-68.71769714355469,-61.12488555908203,False,True,False,True,-7.637489318847656,7.592811584472656
51,26367489.0,33802242.0,80.0,-63.409385681152344,-61.084861755371094,-63.60124206542969,-60.84141540527344,False,True,False,True,-2.32452392578125,2.75982666015625
52,33802242.0,33802241.0,38.0,-63.22044372558594,-59.128684997558594,-63.4405517578125,-58.73546600341797,False,True,False,True,-4.091758728027344,4.705085754394531
53,33802241.0,30829824.0,91.0,-61.549522399902344,-57.98262023925781,-61.827178955078125,-57.49102783203125,False,True,False,True,-3.5669021606445312,4.336151123046875
54,30829824.0,30829312.0,30.0,-52.978118896484375,-54.53718566894531,-53.658485412597656,-54.068756103515625,True,False,False,False,1.5590667724609375,-0.41027069091796875
55,30829312.0,34006273.0,403.0,-59.37877655029297,-54.602630615234375,-59.749290466308594,-53.9427490234375,False,True,False,True,-4.776145935058594,5.806541442871094
56,34006273.0,34006272.0,10.0,-44.430084228515625,-46.75288391113281,-46.073333740234375,-46.36192321777344,True,False,False,False,2.3227996826171875,-0.2885894775390625
57,34006272.0,30828801.0,12.0,-56.062591552734375,-53.50537109375,-56.82396697998047,-52.39552307128906,False,True,False,True,-2.557220458984375,4.428443908691406
58,30828801.0,30828800.0,11.0,-50.956077575683594,-45.725059509277344,-52.312782287597656,-47.18882751464844,False,True,False,True,-5.23101806640625,5.123954772949219
59,30828800.0,34006529.0,14.0,-58.66725158691406,-59.1268310546875,-59.273345947265625,-58.50712585449219,True,True,True,True,0.4595794677734375,0.7662200927734375
60,34006529.0,34006528.0,16.0,-43.514930725097656,-43.085906982421875,-44.94762420654297,-44.823211669921875,False,True,False,True,-0.42902374267578125,0.12441253662109375
61,34007040.0,30827265.0,33.0,-45.058998107910156,-46.424644470214844,-45.760902404785156,-45.729461669921875,True,True,True,False,1.3656463623046875,0.03144073486328125
62,30827265.0,30827264.0,44.0,-46.276100158691406,-50.35621643066406,-47.24053955078125,-49.89825439453125,True,False,False,False,4.080116271972656,-2.65771484375
63,26681600.0,26607105.0,126.0,-42.75641632080078,-56.303062438964844,-42.89971160888672,-56.22661590576172,True,False,False,False,13.546646118164062,-13.326904296875
64,26607105.0,26722816.0,93.0,-64.26148223876953,-59.60200500488281,-64.44435119628906,-59.28626251220703,False,True,False,True,-4.659477233886719,5.158088684082031
65,26349056.0,26349058.0,71.0,-54.252471923828125,-64.9166259765625,-55.15936279296875,-64.62345123291016,True,False,False,False,10.664154052734375,-9.464088439941406
66,26349058.0,26369024.0,126.0,-65.19279479980469,-65.47830200195312,-65.35333251953125,-65.3193359375,True,True,True,False,0.2855072021484375,0.03399658203125
67,26369024.0,26369025.0,38.0,-63.4749755859375,-55.46119689941406,-63.72428894042969,-54.69346618652344,False,True,False,True,-8.013778686523438,9.03082275390625
68,26369025.0,26358784.0,131.0,-59.36540222167969,-55.87382507324219,-59.69868469238281,-55.31401062011719,False,True,False,True,-3.4915771484375,4.384674072265625
69,26358784.0,26358785.0,84.0,-54.789344787597656,-52.175811767578125,-55.25361633300781,-51.926719665527344,False,True,False,True,-2.6135330200195312,3.3268966674804688
70,26358785.0,26359553.0,37.0,-58.381004333496094,-53.794593811035156,-58.338783264160156,-53.195953369140625,False,True,False,True,-4.5864105224609375,5.142829895019531
71,26359553.0,26359554.0,46.0,-48.07707977294922,-54.13801574707031,-49.318878173828125,-53.48865509033203,True,False,False,False,6.060935974121094,-4.169776916503906
72,26359554.0,26720002.0,67.0,-56.45697784423828,-56.129600524902344,-56.93915557861328,-55.58844757080078,False,True,False,True,-0.3273773193359375,1.3507080078125
73,26720002.0,26795520.0,35.0,-56.40986633300781,-53.65740966796875,-56.94622802734375,-52.8636474609375,False,True,False,True,-2.7524566650390625,4.08258056640625
74,26795520.0,26367744.0,32.0,-55.08753967285156,-53.29967498779297,-55.681617736816406,-52.460899353027344,False,True,False,True,-1.7878646850585938,3.2207183837890625
75,26367744.0,26351361.0,67.0,-58.19523620605469,-57.587730407714844,-58.48204803466797,-57.24786376953125,False,True,False,True,-0.6075057983398438,1.2341842651367188
76,26351361.0,26351360.0,22.0,-46.92578125,-54.72418212890625,-47.581207275390625,-54.34703826904297,True,False,False,False,7.79840087890625,-6.765830993652344
77,26351360.0,26351362.0,19.0,-53.729591369628906,-55.88594055175781,-54.528770446777344,-55.30724334716797,True,False,False,False,2.1563491821289062,-0.778472900390625
78,26368257.0,26368258.0,113.0,-54.78944396972656,-54.821746826171875,-55.42479705810547,-54.251251220703125,True,True,True,True,0.0323028564453125,1.1735458374023438
79,26368258.0,28650241.0,369.0,-58.05859375,-59.418243408203125,-58.301170349121094,-59.21632385253906,True,False,False,False,1.359649658203125,-0.9151535034179688
80,28650241.0,26947072.0,18.0,-113.44157409667969,-270.0,-113.42300415039062,-270.0,True,False,False,False,156.5584259033203,-156.57699584960938
81,28792066.0,26947072.0,12.0,-270.0,-270.0,-270.0,-270.0,False,False,False,False,0.0,0.0
82,34768897.0,28792066.0,29.0,-91.35444641113281,-270.0,-94.83123016357422,-270.0,True,False,False,False,178.6455535888672,-175.16876983642578
83,28792066.0,26947072.0,46.0,-83.73255920410156,-77.80931091308594,-270.0,-74.73876190185547,False,True,False,True,-5.923248291015625,195.26123809814453
84,28792066.0,26947072.0,31.0,-270.0,-57.682281494140625,-270.0,-57.31987762451172,False,True,False,True,-212.31771850585938,212.68012237548828
85,26366722.0,26917120.0,13.0,-60.73924255371094,-86.42533874511719,-60.24684143066406,-85.11437225341797,True,False,False,False,25.68609619140625,-24.867530822753906
86,26917120.0,40782336.0,125.0,-63.81043243408203,-84.408447265625,-63.73863983154297,-84.75894165039062,True,False,False,False,20.59801483154297,-21.020301818847656
87,40782336.0,26947073.0,16.0,-270.0,-50.084747314453125,-270.0,-49.87635803222656,False,True,False,True,-219.91525268554688,220.12364196777344
88,26947073.0,26947074.0,54.0,-54.275604248046875,-87.8987045288086,-55.63426208496094,-83.97469329833984,True,False,False,False,33.62310028076172,-28.340431213378906
89,34210561.0,34210562.0,34.0,-50.707130432128906,-66.38212585449219,-52.371742248535156,-66.1427001953125,True,False,False,False,15.674995422363281,-13.770957946777344
90,34210562.0,26347520.0,19.0,-59.79541778564453,-59.62963104248047,-60.31724548339844,-58.88044738769531,False,True,False,True,-0.1657867431640625,1.436798095703125
91,30625794.0,40812800.0,50.0,-47.389610290527344,-65.95223236083984,-48.57892608642578,-65.64559173583984,True,False,False,False,18.5626220703125,-17.066665649414062
92,40812800.0,26356993.0,91.0,-63.83927917480469,-69.76104736328125,-64.20571899414062,-69.60844421386719,True,False,False,False,5.9217681884765625,-5.4027252197265625
93,26356993.0,26353920.0,78.0,-69.98381805419922,-56.423561096191406,-70.02830505371094,-56.235496520996094,False,True,False,True,-13.560256958007812,13.792808532714844
94,26353920.0,26365186.0,42.0,-53.22193908691406,-64.25491333007812,-53.812034606933594,-64.06615447998047,True,False,False,False,11.032974243164062,-10.254119873046875
95,26365186.0,26365185.0,49.0,-60.498931884765625,-63.411170959472656,-60.74871063232422,-63.337486267089844,True,False,False,False,2.9122390747070312,-2.588775634765625
96,26365185.0,26363650.0,45.0,-65.80316162109375,-55.953102111816406,-65.95179748535156,-55.18982696533203,False,True,False,True,-9.850059509277344,10.761970520019531
97,26363650.0,26363649.0,10.0,-58.14823913574219,-51.85810089111328,-58.56440734863281,-52.07000732421875,False,True,False,True,-6.290138244628906,6.4944000244140625
98,26363649.0,29127682.0,92.0,-56.64405059814453,-57.513160705566406,-57.035186767578125,-57.17768859863281,True,False,False,False,0.869110107421875,-0.1425018310546875
99,29127680.0,29127681.0,48.0,-65.22943115234375,-61.527854919433594,-65.32820129394531,-61.25813293457031,False,True,False,True,-3.7015762329101562,4.070068359375
100,29127681.0,26357760.0,26.0,-63.60575866699219,-43.94013214111328,-63.773651123046875,-42.518890380859375,False,True,False,True,-19.665626525878906,21.2547607421875
101,26357760.0,26367489.0,20.0,-47.860801696777344,-60.42705535888672,-48.632118225097656,-60.474632263183594,True,False,False,False,12.566253662109375,-11.842514038085938
102,26367489.0,33802242.0,88.0,-63.48051452636719,-61.0546875,-63.66148376464844,-60.82274627685547,False,True,False,True,-2.4258270263671875,2.8387374877929688
103,33802242.0,33802241.0,30.0,-63.69160461425781,-58.34611511230469,-63.89659118652344,-57.938629150390625,False,True,False,True,-5.345489501953125,5.9579620361328125
104,33802241.0,30829824.0,61.0,-61.390533447265625,-58.314453125,-61.70936584472656,-57.776397705078125,False,True,False,True,-3.076080322265625,3.9329681396484375
105,30829824.0,30829312.0,74.0,-54.12360382080078,-54.0147705078125,-54.550689697265625,-53.58403015136719,False,True,False,True,-0.10883331298828125,0.9666595458984375
106,30829312.0,34006273.0,13.0,-58.410560607910156,-55.99549865722656,-58.60444641113281,-55.73762512207031,False,True,False,True,-2.4150619506835938,2.8668212890625
107,30828801.0,30828800.0,10.0,-52.559059143066406,-47.682151794433594,-53.622283935546875,-49.063232421875,False,True,False,True,-4.8769073486328125,4.559051513671875
108,30828800.0,34006529.0,16.0,-58.25072479248047,-59.53120422363281,-58.83189392089844,-58.99037170410156,True,False,False,False,1.2804794311523438,-0.158477783203125
109,34006529.0,34006528.0,16.0,-44.12481689453125,-43.77525329589844,-45.683250427246094,-45.597007751464844,False,True,False,True,-0.3495635986328125,0.08624267578125
110,30828289.0,30828288.0,19.0,-46.28407287597656,-50.90028381347656,-47.76055145263672,-49.962799072265625,True,False,False,False,4.6162109375,-2.2022476196289062
111,30828288.0,34006785.0,164.0,-47.665504455566406,-46.017730712890625,-47.84907531738281,-45.520599365234375,False,True,False,True,-1.6477737426757812,2.3284759521484375
112,34006785.0,34006784.0,70.0,-43.51701354980469,-44.726043701171875,-43.60344696044922,-44.62120819091797,True,False,False,False,1.2090301513671875,-1.01776123046875
113,34006784.0,34007041.0,83.0,-48.89971923828125,-50.78033447265625,-49.29631042480469,-50.57513427734375,True,False,False,False,1.880615234375,-1.2788238525390625
114,34007041.0,34007040.0,12.0,-49.05089569091797,-43.29175567626953,-49.15937042236328,-42.80626678466797,False,True,False,True,-5.7591400146484375,6.3531036376953125
115,34007040.0,30827265.0,151.0,-44.9984130859375,-46.51771545410156,-45.18872833251953,-46.33137512207031,True,False,False,False,1.5193023681640625,-1.1426467895507812
116,30827265.0,30827264.0,264.0,-46.353965759277344,-50.65135192871094,-46.81672668457031,-50.414947509765625,True,False,False,False,4.297386169433594,-3.5982208251953125
117,30827264.0,26681600.0,39.0,-58.59486389160156,-43.15434265136719,-58.59486389160156,-43.15434265136719,False,True,False,True,-15.440521240234375,15.440521240234375
118,26681600.0,26607105.0,135.0,-42.787689208984375,-56.28929138183594,-43.33396911621094,-56.03739929199219,True,False,False,False,13.501602172851562,-12.70343017578125
119,26607105.0,26722816.0,48.0,-63.901512145996094,-59.933380126953125,-64.12884521484375,-59.577796936035156,False,True,False,True,-3.9681320190429688,4.551048278808594
120,26722816.0,26349056.0,10.0,-59.53437042236328,-47.58613586425781,-59.86683654785156,-48.71022033691406,False,True,False,True,-11.948234558105469,11.1566162109375
121,26349056.0,26349058.0,68.0,-54.26774597167969,-64.91419982910156,-54.85194396972656,-64.72950744628906,True,False,False,False,10.646453857421875,-9.8775634765625
122,26349058.0,26369024.0,122.0,-65.18218231201172,-65.47904205322266,-65.40666198730469,-65.25856018066406,True,True,True,False,0.2968597412109375,0.148101806640625
123,26369024.0,26369025.0,42.0,-63.44712829589844,-55.559120178222656,-63.63709259033203,-54.99835968017578,False,True,False,True,-7.888008117675781,8.63873291015625
124,26369025.0,26358784.0,121.0,-59.005096435546875,-56.339759826660156,-59.314605712890625,-55.87457275390625,False,True,False,True,-2.6653366088867188,3.440032958984375
125,26358784.0,26358785.0,100.0,-55.42998504638672,-52.17376708984375,-55.88671875,-52.14668273925781,False,True,False,True,-3.2562179565429688,3.7400360107421875
126,26720002.0,26795520.0,70.0,-56.20436096191406,-54.26319122314453,-56.66050720214844,-53.71735382080078,False,True,False,True,-1.9411697387695312,2.9431533813476562
127,26795520.0,26367744.0,96.0,-55.03273010253906,-53.36082458496094,-55.60584259033203,-52.56346893310547,False,True,False,True,-1.671905517578125,3.0423736572265625
128,26367744.0,26351361.0,22.0,-58.29856872558594,-57.47132873535156,-58.67949676513672,-57.03448486328125,False,True,False,True,-0.827239990234375,1.6450119018554688
129,26351361.0,26351360.0,59.0,-47.220428466796875,-54.59552764892578,-47.87916564941406,-54.17405700683594,True,False,False,False,7.375099182128906,-6.294891357421875
130,26351360.0,26351362.0,17.0,-56.49018859863281,-53.492042541503906,-56.954315185546875,-52.933799743652344,False,True,False,True,-2.9981460571289062,4.020515441894531
131,26368257.0,26368258.0,121.0,-54.97392272949219,-54.51531982421875,-55.446022033691406,-54.07208251953125,False,True,False,True,-0.4586029052734375,1.3739395141601562
132,26368258.0,28650241.0,147.0,-58.03688049316406,-59.533607482910156,-58.13843536376953,-59.4608154296875,True,False,False,False,1.4967269897460938,-1.3223800659179688
133,28792066.0,26947072.0,29.0,-270.0,-270.0,-270.0,-270.0,False,False,False,False,0.0,0.0
134,26947072.0,28792066.0,39.0,-270.0,-270.0,-270.0,-270.0,False,False,False,False,0.0,0.0
135,28792066.0,26947072.0,21.0,-90.35933685302734,-58.262107849121094,-88.42271423339844,-76.33236694335938,False,True,False,True,-32.09722900390625,12.090347290039062
136,26947072.0,28792066.0,10.0,-52.777130126953125,-85.87871551513672,-52.525062561035156,-86.66561889648438,True,False,False,False,33.101585388183594,-34.14055633544922
137,28792066.0,26947072.0,42.0,-82.91683959960938,-50.76280212402344,-127.09295654296875,-50.14874267578125,False,True,False,True,-32.15403747558594,76.9442138671875
138,26365185.0,26917120.0,15.0,-270.0,-82.67073059082031,-270.0,-77.91702270507812,False,True,False,True,-187.3292694091797,192.08297729492188
139,26917120.0,40782336.0,71.0,-63.46501159667969,-76.25092315673828,-63.01171875,-84.18218994140625,True,False,False,False,12.785911560058594,-21.17047119140625
140,40782336.0,26947073.0,20.0,-270.0,-49.70350646972656,-104.17300415039062,-49.31590270996094,False,True,False,True,-220.29649353027344,54.85710144042969
141,26947073.0,26947074.0,77.0,-58.20286560058594,-71.383544921875,-58.751747131347656,-71.21971893310547,True,False,False,False,13.180679321289062,-12.467971801757812
142,34210561.0,34210562.0,40.0,-49.759681701660156,-66.45368957519531,-51.788490295410156,-66.20146179199219,True,False,False,False,16.694007873535156,-14.412971496582031
143,34210562.0,26347520.0,18.0,-59.63653564453125,-59.66094970703125,-60.123199462890625,-59.002220153808594,True,True,True,True,0.0244140625,1.1209793090820312
144,30625794.0,40812800.0,104.0,-47.832374572753906,-65.8634033203125,-48.95768737792969,-65.5770492553711,True,False,False,False,18.031028747558594,-16.619361877441406
145,40812800.0,26356993.0,30.0,-64.19624328613281,-69.64276123046875,-64.5024185180664,-69.521728515625,True,False,False,False,5.4465179443359375,-5.019309997558594
146,26356992.0,26356993.0,62.0,-43.366920471191406,-65.95592498779297,-44.25481414794922,-66.03291320800781,True,False,False,False,22.589004516601562,-21.778099060058594
147,26356993.0,26353920.0,75.0,-69.9635009765625,-56.54524230957031,-70.03856658935547,-56.249298095703125,False,True,False,True,-13.418258666992188,13.789268493652344
148,26353920.0,26365186.0,44.0,-53.916175842285156,-64.03716278076172,-54.452247619628906,-63.85130310058594,True,False,False,False,10.120986938476562,-9.399055480957031
149,26365186.0,26365185.0,98.0,-60.381744384765625,-63.320343017578125,-60.62354278564453,-63.24798583984375,True,False,False,False,2.9385986328125,-2.6244430541992188
150,26365185.0,26363650.0,45.0,-65.91332244873047,-54.91309356689453,-66.04925537109375,-54.10633087158203,False,True,False,True,-11.000228881835938,11.942924499511719
151,26363650.0,26363649.0,11.0,-57.330291748046875,-51.221954345703125,-57.817474365234375,-51.22645568847656,False,True,False,True,-6.10833740234375,6.5910186767578125
152,26363649.0,29127682.0,97.0,-56.83570861816406,-57.090065002441406,-57.354164123535156,-56.63166809082031,True,True,True,True,0.25435638427734375,0.7224960327148438
153,29127680.0,29127681.0,53.0,-65.15745544433594,-61.69013977050781,-65.24044036865234,-61.44654083251953,False,True,False,True,-3.467315673828125,3.7938995361328125
154,29127681.0,26367489.0,21.0,-64.8354263305664,-60.42407989501953,-64.87216186523438,-60.452117919921875,False,True,False,True,-4.411346435546875,4.4200439453125
155,26367489.0,33802242.0,79.0,-63.17259979248047,-61.32635498046875,-63.357200622558594,-61.096153259277344,False,True,False,True,-1.8462448120117188,2.26104736328125
156,33802242.0,33802241.0,36.0,-63.190345764160156,-59.14405822753906,-63.40986633300781,-58.74566650390625,False,True,False,True,-4.046287536621094,4.6641998291015625
157,33802241.0,30829824.0,38.0,-61.558265686035156,-57.88542938232422,-61.867103576660156,-57.32830810546875,False,True,False,True,-3.6728363037109375,4.538795471191406
158,30829824.0,30829312.0,26.0,-53.23738098144531,-53.98149108886719,-53.854766845703125,-53.48686218261719,True,True,True,False,0.744110107421875,0.3679046630859375
159,34006273.0,30828801.0,10.0,-61.416717529296875,-65.04194641113281,-61.51521301269531,-65.02500915527344,True,False,False,False,3.6252288818359375,-3.509796142578125
160,30829312.0,30829824.0,12.0,-56.32283020019531,-45.51801300048828,-56.415924072265625,-44.08174133300781,False,True,False,True,-10.804817199707031,12.334182739257812
161,30829824.0,30829312.0,33.0,-54.18151092529297,-54.777610778808594,-54.75706481933594,-54.57818603515625,True,True,True,False,0.596099853515625,0.1788787841796875
162,26369024.0,30829312.0,111.0,-61.66859436035156,-61.385955810546875,-61.991485595703125,-61.047279357910156,False,True,False,True,-0.2826385498046875,0.9442062377929688
163,30829312.0,34006273.0,22.0,-57.92115783691406,-56.659332275390625,-58.25810241699219,-56.258934020996094,False,True,False,True,-1.2618255615234375,1.9991683959960938
164,34006273.0,26367489.0,133.0,-54.23442077636719,-78.38980865478516,-76.72280883789062,-45.73998260498047,True,True,True,True,24.15538787841797,30.982826232910156
165,26367489.0,33802242.0,60.0,-63.03801727294922,-61.40068817138672,-63.210487365722656,-61.17045593261719,False,True,False,True,-1.6373291015625,2.0400314331054688
166,33802242.0,33802241.0,34.0,-63.86250305175781,-57.75260925292969,-64.05830383300781,-57.32929992675781,False,True,False,True,-6.109893798828125,6.72900390625
167,33802241.0,30829824.0,58.0,-61.294647216796875,-58.39385223388672,-61.53608703613281,-58.00743103027344,False,True,False,True,-2.9007949829101562,3.528656005859375
168,30829824.0,30829312.0,64.0,-53.760292053222656,-53.975372314453125,-54.113319396972656,-53.6541748046875,True,True,True,True,0.21508026123046875,0.45914459228515625
169,30829312.0,34006273.0,13.0,-56.59724426269531,-57.99079132080078,-57.31486511230469,-57.33030700683594,True,False,False,False,1.3935470581054688,-0.01544189453125
170,34006273.0,34006272.0,11.0,-44.827171325683594,-46.309043884277344,-46.22294616699219,-45.864723205566406,True,True,True,False,1.48187255859375,0.35822296142578125
171,34006272.0,30828801.0,19.0,-56.978057861328125,-52.09534454345703,-57.71372985839844,-50.68866729736328,False,True,False,True,-4.882713317871094,7.025062561035156
172,30828801.0,34006529.0,16.0,-59.27241516113281,-60.60833740234375,-59.86693572998047,-60.06303405761719,True,False,False,False,1.3359222412109375,-0.19609832763671875
173,34006529.0,34006528.0,12.0,-44.810340881347656,-44.867218017578125,-46.822059631347656,-46.98445129394531,True,False,False,False,0.05687713623046875,-0.16239166259765625
174,34006528.0,34006785.0,51.0,-59.5186767578125,-61.907684326171875,-59.980987548828125,-61.537628173828125,True,False,False,False,2.389007568359375,-1.556640625
175,30827265.0,30827264.0,67.0,-46.24139404296875,-50.38771057128906,-46.74671936035156,-50.139381408691406,True,False,False,False,4.1463165283203125,-3.3926620483398438
176,30827264.0,26681600.0,19.0,-58.96790313720703,-42.50574493408203,-58.967018127441406,-42.50739288330078,False,True,False,True,-16.462158203125,16.459625244140625
177,30827264.0,26607105.0,44.0,-59.36083984375,-56.44227600097656,-59.60600280761719,-56.175018310546875,False,True,False,True,-2.9185638427734375,3.4309844970703125
178,26607105.0,26722816.0,65.0,-63.92035675048828,-59.89251708984375,-64.19498443603516,-59.474090576171875,False,True,False,True,-4.027839660644531,4.720893859863281
179,26722816.0,26349058.0,88.0,-61.70301818847656,-64.99903869628906,-62.01716613769531,-64.77034759521484,True,False,False,False,3.2960205078125,-2.7531814575195312
180,26349058.0,26369024.0,110.0,-65.23263549804688,-65.44007873535156,-65.44596862792969,-65.22662353515625,True,True,True,True,0.2074432373046875,0.2193450927734375
181,26369024.0,26369025.0,172.0,-63.578529357910156,-55.14904022216797,-63.65740966796875,-54.89441680908203,False,True,False,True,-8.429489135742188,8.762992858886719
182,26369025.0,26358784.0,149.0,-59.05110168457031,-56.248138427734375,-59.222442626953125,-55.987213134765625,False,True,False,True,-2.8029632568359375,3.2352294921875
183,26358784.0,26358785.0,99.0,-54.82261657714844,-51.544677734375,-55.382232666015625,-51.33416748046875,False,True,False,True,-3.2779388427734375,4.048065185546875
184,26358785.0,26359553.0,23.0,-58.406455993652344,-53.617584228515625,-58.3636474609375,-52.98834228515625,False,True,False,True,-4.788871765136719,5.37530517578125
185,26359552.0,26359554.0,58.0,-47.89988708496094,-47.687828063964844,-47.92340850830078,-47.40581512451172,False,True,False,True,-0.21205902099609375,0.5175933837890625
186,26359554.0,26720002.0,66.0,-56.78193664550781,-55.77476501464844,-57.199562072753906,-55.2613525390625,False,True,False,True,-1.007171630859375,1.9382095336914062
187,26720002.0,26795520.0,85.0,-56.25811767578125,-53.886962890625,-56.723968505859375,-53.238792419433594,False,True,False,True,-2.37115478515625,3.4851760864257812
188,26795520.0,26367744.0,124.0,-55.047874450683594,-53.332977294921875,-55.140037536621094,-53.214691162109375,False,True,False,True,-1.7148971557617188,1.9253463745117188
189,26367744.0,26351361.0,21.0,-58.021728515625,-57.7489013671875,-58.234596252441406,-57.52521514892578,False,True,False,True,-0.2728271484375,0.709381103515625
190,26351361.0,26351360.0,22.0,-47.976966857910156,-54.054725646972656,-49.41595458984375,-53.12358093261719,True,False,False,False,6.0777587890625,-3.7076263427734375
191,26351360.0,26351362.0,15.0,-56.62688446044922,-53.29155731201172,-57.188201904296875,-52.59423065185547,False,True,False,True,-3.3353271484375,4.593971252441406
192,26368257.0,26368258.0,148.0,-55.118492126464844,-54.487159729003906,-55.70549774169922,-53.90239715576172,False,True,False,True,-0.6313323974609375,1.8031005859375
193,26368258.0,28650241.0,132.0,-57.94873046875,-59.61951446533203,-58.20735168457031,-59.409873962402344,True,False,False,False,1.6707839965820312,-1.2025222778320312
194,28650241.0,26947072.0,25.0,-99.29864501953125,-270.0,-270.0,-270.0,True,False,False,False,170.70135498046875,0.0
195,26947072.0,28792066.0,66.0,-270.0,-270.0,-125.23037719726562,-270.0,False,False,False,False,0.0,-144.76962280273438
196,28792066.0,26947072.0,54.0,-82.3125,-82.46165466308594,-270.0,-74.60565185546875,True,True,True,True,0.1491546630859375,195.39434814453125
197,26947072.0,28792066.0,14.0,-51.83934020996094,-73.49811553955078,-51.67706298828125,-73.59310150146484,True,False,False,False,21.658775329589844,-21.916038513183594
198,28792066.0,26947072.0,43.0,-270.0,-57.5072021484375,-270.0,-57.527000427246094,False,True,False,True,-212.4927978515625,212.4729995727539
199,26917120.0,40782336.0,163.0,-85.28065490722656,-91.88185119628906,-74.33914184570312,-93.40707397460938,True,False,False,False,6.6011962890625,-19.06793212890625
200,40782336.0,26947073.0,13.0,-270.0,-50.37615966796875,-104.3385009765625,-49.1689453125,False,True,False,True,-219.62384033203125,55.1695556640625
201,26947073.0,26947074.0,77.0,-57.354820251464844,-72.99249267578125,-57.889190673828125,-73.17681121826172,True,False,False,False,15.637672424316406,-15.287620544433594
202,26947074.0,34210561.0,10.0,-65.6217269897461,-48.604827880859375,-65.84333801269531,-47.26231384277344,False,True,False,True,-17.01689910888672,18.581024169921875
203,34210561.0,34210566.0,22.0,-52.52898406982422,-54.838417053222656,-53.672645568847656,-55.59913635253906,True,False,False,False,2.3094329833984375,-1.9264907836914062
204,34210566.0,34210562.0,34.0,-62.57257080078125,-61.41802978515625,-62.66381072998047,-61.05998229980469,False,True,False,True,-1.154541015625,1.6038284301757812
205,34210562.0,26347520.0,44.0,-59.705718994140625,-59.59778594970703,-60.052581787109375,-59.120826721191406,False,True,False,True,-0.10793304443359375,0.9317550659179688
206,26347520.0,26356994.0,14.0,-53.54447937011719,-58.78053283691406,-53.903419494628906,-58.57127380371094,True,False,False,False,5.236053466796875,-4.667854309082031
207,34210562.0,26356994.0,10.0,-67.12860870361328,-53.096656799316406,-67.16476440429688,-52.77136993408203,False,True,False,True,-14.031951904296875,14.393394470214844
208,34210562.0,26356994.0,19.0,-67.60061645507812,-47.47612762451172,-67.63339233398438,-46.98249053955078,False,True,False,True,-20.124488830566406,20.650901794433594
209,30625794.0,40812800.0,65.0,-47.21428680419922,-65.92597961425781,-47.98039245605469,-65.7295150756836,True,False,False,False,18.711692810058594,-17.749122619628906
210,40812800.0,26356993.0,40.0,-63.89549255371094,-69.69523620605469,-64.28048706054688,-69.5327377319336,True,False,False,False,5.79974365234375,-5.252250671386719
211,26356992.0,26356993.0,80.0,-45.13812255859375,-66.06468963623047,-45.80890655517578,-66.11846160888672,True,False,False,False,20.92656707763672,-20.309555053710938
212,26356993.0,26353920.0,40.0,-69.90267944335938,-56.802459716796875,-69.90267944335938,-56.802459716796875,False,True,False,True,-13.1002197265625,13.1002197265625
213,26353920.0,26365186.0,43.0,-54.024085998535156,-63.999298095703125,-54.687591552734375,-63.76667785644531,True,False,False,False,9.975212097167969,-9.079086303710938
214,26365186.0,26365185.0,111.0,-60.587623596191406,-63.3026123046875,-60.79779052734375,-63.24687194824219,True,False,False,False,2.7149887084960938,-2.4490814208984375
215,26365185.0,26363650.0,27.0,-65.53191375732422,-56.96240234375,-65.6861801147461,-56.374732971191406,False,True,False,True,-8.569511413574219,9.311447143554688
216,26363650.0,26363649.0,12.0,-57.78953552246094,-51.53723907470703,-58.194664001464844,-51.61888885498047,False,True,False,True,-6.252296447753906,6.575775146484375
217,26363649.0,29127682.0,65.0,-56.858062744140625,-57.15400695800781,-57.312782287597656,-56.75769805908203,True,True,True,True,0.2959442138671875,0.555084228515625
218,29127680.0,29127681.0,57.0,-65.27088165283203,-62.856101989746094,-65.25200653076172,-62.79557800292969,False,True,False,True,-2.4147796630859375,2.4564285278320312
219,29127680.0,29127681.0,46.0,-65.13059997558594,-61.83580017089844,-65.16001892089844,-61.66917419433594,False,True,False,True,-3.2947998046875,3.4908447265625
220,29127680.0,26367489.0,56.0,-68.47960662841797,-60.7366943359375,-68.51052856445312,-60.781593322753906,False,True,False,True,-7.742912292480469,7.728935241699219
221,26367489.0,33802242.0,46.0,-62.880279541015625,-61.64844512939453,-63.070770263671875,-61.414947509765625,False,True,False,True,-1.2318344116210938,1.65582275390625
222,33802242.0,33802241.0,35.0,-63.89624786376953,-57.78870391845703,-64.08999633789062,-57.38121795654297,False,True,False,True,-6.1075439453125,6.708778381347656
223,33802241.0,30829824.0,91.0,-62.144134521484375,-56.877357482910156,-62.38819122314453,-56.337799072265625,False,True,False,True,-5.266777038574219,6.050392150878906
224,30829824.0,34006273.0,10.0,-53.176483154296875,-64.2843246459961,-64.1771011352539,-55.28529357910156,True,True,True,False,11.107841491699219,8.891807556152344
225,34006272.0,30828801.0,20.0,-54.131439208984375,-55.62477111816406,-55.155494689941406,-54.6141357421875,True,True,True,False,1.4933319091796875,0.5413589477539062
226,30828801.0,34006529.0,16.0,-59.18608093261719,-60.68482208251953,-59.80914306640625,-60.12248992919922,True,False,False,False,1.4987411499023438,-0.31334686279296875
227,34006529.0,34006528.0,24.0,-44.68092346191406,-44.506019592285156,-46.25269317626953,-46.258628845214844,False,False,False,True,-0.17490386962890625,-0.0059356689453125
228,34006528.0,34006785.0,21.0,-60.496986389160156,-61.08135986328125,-60.555145263671875,-61.02703094482422,True,False,False,False,0.5843734741210938,-0.47188568115234375
229,30828288.0,34006785.0,14.0,-47.43316650390625,-46.167869567871094,-48.07806396484375,-44.842689514160156,False,True,False,True,-1.2652969360351562,3.2353744506835938
230,34007041.0,34007040.0,25.0,-48.717254638671875,-43.60322570800781,-48.7623291015625,-43.322044372558594,False,True,False,True,-5.1140289306640625,5.440284729003906
231,34007040.0,30827265.0,70.0,-44.305152893066406,-47.16886901855469,-45.40190124511719,-46.08595275878906,True,False,False,False,2.8637161254882812,-0.684051513671875
232,30827265.0,30827264.0,23.0,-46.35832214355469,-50.38867950439453,-47.041351318359375,-50.07073211669922,True,False,False,False,4.030357360839844,-3.0293807983398438
233,30827264.0,26681600.0,29.0,-58.80992889404297,-42.70292663574219,-58.83490753173828,-42.664276123046875,False,True,False,True,-16.10700225830078,16.170631408691406
234,26681600.0,26607105.0,43.0,-42.75819396972656,-56.37016296386719,-43.407997131347656,-56.07232666015625,True,False,False,False,13.611968994140625,-12.664329528808594
235,26607105.0,26722816.0,46.0,-63.89404296875,-59.941802978515625,-64.17121887207031,-59.504730224609375,False,True,False,True,-3.952239990234375,4.6664886474609375
236,26349056.0,26349058.0,118.0,-53.75146484375,-65.07107543945312,-54.57075500488281,-64.82453918457031,True,False,False,False,11.319610595703125,-10.2537841796875
237,26349058.0,26369024.0,161.0,-65.21018981933594,-65.4609603881836,-65.47486877441406,-65.19512176513672,True,True,True,True,0.25077056884765625,0.27974700927734375
238,26369024.0,26369025.0,36.0,-63.412864685058594,-55.579071044921875,-63.619956970214844,-54.970245361328125,False,True,False,True,-7.833793640136719,8.649711608886719
239,26369025.0,26358784.0,194.0,-58.62532043457031,-56.94915008544922,-58.64653778076172,-56.92554473876953,False,True,False,True,-1.6761703491210938,1.7209930419921875
240,26358784.0,26358785.0,163.0,-55.138633728027344,-51.5455322265625,-55.68531799316406,-51.49397277832031,False,True,False,True,-3.5931015014648438,4.19134521484375
241,26358785.0,26359553.0,33.0,-58.39579772949219,-53.5213623046875,-58.36378479003906,-53.162879943847656,False,True,False,True,-4.8744354248046875,5.200904846191406
242,26359553.0,26359554.0,17.0,-48.31147003173828,-54.070167541503906,-49.17613983154297,-53.60179138183594,True,False,False,False,5.758697509765625,-4.425651550292969
243,26359552.0,26359554.0,56.0,-47.872955322265625,-47.67407989501953,-48.049224853515625,-46.90618896484375,False,True,False,True,-0.19887542724609375,1.143035888671875
244,26359554.0,26359552.0,19.0,-54.279701232910156,-53.54468536376953,-54.402618408203125,-53.69184875488281,False,True,False,True,-0.735015869140625,0.7107696533203125
245,26359552.0,26720002.0,54.0,-57.785064697265625,-53.416526794433594,-58.0050048828125,-52.989845275878906,False,True,False,True,-4.368537902832031,5.015159606933594
246,26720002.0,26795520.0,61.0,-56.43023681640625,-53.87919616699219,-56.91961669921875,-53.21479797363281,False,True,False,True,-2.5510406494140625,3.7048187255859375
247,26795520.0,26367744.0,53.0,-54.709938049316406,-53.79161071777344,-54.756126403808594,-53.74003601074219,False,True,False,True,-0.9183273315429688,1.0160903930664062
248,26367744.0,26367746.0,14.0,-56.03943634033203,-46.3267822265625,-56.034454345703125,-46.22459411621094,False,True,False,True,-9.712654113769531,9.809860229492188
249,26367746.0,26367744.0,51.0,-48.01374816894531,-56.8597412109375,-48.396087646484375,-56.97587585449219,True,False,False,False,8.845993041992188,-8.579788208007812
250,26367744.0,26351361.0,19.0,-58.06787109375,-57.75860595703125,-58.349334716796875,-57.455909729003906,False,True,False,True,-0.30926513671875,0.8934249877929688
251,26351361.0,26351360.0,23.0,-46.97795867919922,-54.822540283203125,-48.25080871582031,-54.04670715332031,True,False,False,False,7.844581604003906,-5.7958984375
252,26351360.0,26351362.0,14.0,-57.0169677734375,-53.082435607910156,-57.527679443359375,-52.486488342285156,False,True,False,True,-3.9345321655273438,5.041191101074219
253,26368257.0,26368258.0,171.0,-54.71345520019531,-54.77423858642578,-55.36308288574219,-54.16194152832031,True,True,True,True,0.06078338623046875,1.201141357421875
254,26368258.0,28650241.0,195.0,-58.08660888671875,-59.423484802246094,-58.27406311035156,-59.269287109375,True,False,False,False,1.3368759155273438,-0.9952239990234375
255,28650241.0,26947072.0,11.0,-115.06080627441406,-270.0,-270.0,-270.0,True,False,False,False,154.93919372558594,0.0
256,26947072.0,28792066.0,41.0,-270.0,-270.0,-104.81112670898438,-270.0,False,False,False,False,0.0,-165.18887329101562
257,28792066.0,26947072.0,46.0,-82.27384948730469,-75.07857513427734,-270.0,-66.84004974365234,False,True,False,True,-7.195274353027344,203.15995025634766
258,28792066.0,26947072.0,39.0,-96.3291015625,-68.76272583007812,-270.0,-57.571380615234375,False,True,False,True,-27.566375732421875,212.42861938476562
259,26947072.0,26366722.0,30.0,-91.4424819946289,-46.474098205566406,-89.88243865966797,-46.64942932128906,False,True,False,True,-44.9683837890625,43.233009338378906
260,26366722.0,26917120.0,32.0,-59.84294128417969,-84.36042785644531,-57.72377014160156,-90.15921020507812,True,False,False,False,24.517486572265625,-32.43544006347656
261,26917120.0,40782336.0,185.0,-63.71113586425781,-84.2617416381836,-63.727935791015625,-84.66477966308594,True,False,False,False,20.55060577392578,-20.936843872070312
262,26947073.0,26947074.0,61.0,-54.202056884765625,-87.91050720214844,-55.82347106933594,-84.2388916015625,True,False,False,False,33.70845031738281,-28.415420532226562
263,26947074.0,40812802.0,49.0,-64.31082916259766,-77.22816467285156,-77.74705505371094,-59.56475067138672,True,True,True,True,12.917335510253906,18.18230438232422
264,40812802.0,26356996.0,111.0,-61.950042724609375,-61.81498718261719,-62.37635803222656,-61.35353088378906,False,True,False,True,-0.1350555419921875,1.0228271484375
265,26356996.0,42445056.0,61.0,-57.58662414550781,-55.48077392578125,-57.95722198486328,-54.719764709472656,False,True,False,True,-2.1058502197265625,3.237457275390625
266,42445056.0,26365189.0,69.0,-47.746971130371094,-65.86466979980469,-48.05994415283203,-65.85887145996094,True,False,False,False,18.117698669433594,-17.798927307128906
267,26365189.0,26365188.0,63.0,-62.06134033203125,-56.565277099609375,-62.29890441894531,-55.974693298339844,False,True,False,True,-5.496063232421875,6.324211120605469
268,26365188.0,26363653.0,64.0,-62.857879638671875,-61.13536071777344,-63.10814666748047,-60.81260681152344,False,True,False,True,-1.7225189208984375,2.2955398559570312
269,26363653.0,26363652.0,15.0,-47.99284362792969,-52.516845703125,-49.05915832519531,-52.168792724609375,True,False,False,False,4.5240020751953125,-3.1096343994140625
270,26363652.0,29127685.0,56.0,-53.10875701904297,-52.80657958984375,-53.5675048828125,-52.39762878417969,False,True,False,True,-0.30217742919921875,1.1698760986328125
271,29127683.0,29127684.0,101.0,-64.58609771728516,-63.808448791503906,-64.46465301513672,-63.727020263671875,False,True,False,True,-0.77764892578125,0.7376327514648438
272,29127684.0,29127683.0,11.0,-66.10838317871094,-59.982643127441406,-66.10838317871094,-59.982643127441406,False,True,False,True,-6.125740051269531,6.125740051269531
273,33802248.0,30829826.0,82.0,-63.89405822753906,-66.75110626220703,-69.94374084472656,-54.13395690917969,True,True,True,True,2.8570480346679688,15.809783935546875
274,30829826.0,30829314.0,39.0,-51.13117980957031,-56.521881103515625,-52.13459777832031,-56.22069549560547,True,False,False,False,5.3907012939453125,-4.086097717285156
275,30829314.0,34006273.0,30.0,-61.52433776855469,-47.11457824707031,-61.74823760986328,-45.923065185546875,False,True,False,True,-14.409759521484375,15.825172424316406
276,34006273.0,34006272.0,14.0,-44.381797790527344,-46.781105041503906,-45.224143981933594,-46.442909240722656,True,False,False,False,2.3993072509765625,-1.2187652587890625
277,30828801.0,30828800.0,12.0,-48.509193420410156,-45.14756774902344,-50.18653106689453,-45.41578674316406,False,True,False,True,-3.3616256713867188,4.770744323730469
278,30828800.0,34006529.0,15.0,-58.66511535644531,-59.14539337158203,-59.270599365234375,-58.52751159667969,True,True,True,True,0.48027801513671875,0.7430877685546875
279,34006529.0,34006528.0,33.0,-44.847801208496094,-44.690589904785156,-46.59330749511719,-46.61225128173828,False,False,False,True,-0.1572113037109375,-0.01894378662109375
280,34006528.0,30828289.0,10.0,-61.2158203125,-52.67975616455078,-61.435081481933594,-52.103607177734375,False,True,False,True,-8.536064147949219,9.331474304199219
281,34007041.0,34007040.0,37.0,-48.6322021484375,-44.3076171875,-48.732078552246094,-43.19274139404297,False,True,False,True,-4.3245849609375,5.539337158203125
282,34007040.0,30827264.0,78.0,-45.03187561035156,-55.2713623046875,-53.67827606201172,-49.942230224609375,True,True,True,False,10.239486694335938,3.7360458374023438
283,30827264.0,26681600.0,29.0,-58.64445495605469,-43.058013916015625,-58.867454528808594,-42.63059997558594,False,True,False,True,-15.586441040039062,16.236854553222656
284,26681600.0,26607105.0,53.0,-42.59398651123047,-56.37416076660156,-42.995750427246094,-56.13890075683594,True,False,False,False,13.780174255371094,-13.143150329589844
285,26607105.0,26722816.0,54.0,-63.470314025878906,-60.50202178955078,-63.71064758300781,-60.14838409423828,False,True,False,True,-2.968292236328125,3.5622634887695312
286,26349056.0,26349058.0,88.0,-54.07146453857422,-64.97308349609375,-54.934959411621094,-64.70183563232422,True,False,False,False,10.901618957519531,-9.766876220703125
287,26349058.0,26369024.0,87.0,-65.35297393798828,-65.31349182128906,-65.60647583007812,-65.05184936523438,False,True,False,True,-0.03948211669921875,0.55462646484375
288,26369024.0,26369025.0,117.0,-62.09446716308594,-58.357421875,-62.33112335205078,-57.96533203125,False,True,False,True,-3.7370452880859375,4.365791320800781
289,26369025.0,26358784.0,178.0,-59.01222229003906,-56.397056579589844,-59.08531188964844,-56.277099609375,False,True,False,True,-2.6151657104492188,2.8082122802734375
290,26358784.0,26358785.0,211.0,-55.27024841308594,-51.88385009765625,-55.613746643066406,-51.76606750488281,False,True,False,True,-3.3863983154296875,3.8476791381835938
291,26358785.0,26359553.0,27.0,-58.22754669189453,-53.72967529296875,-58.17658996582031,-53.12867736816406,False,True,False,True,-4.497871398925781,5.04791259765625
292,26359552.0,26359554.0,67.0,-48.57087707519531,-47.74314880371094,-48.540863037109375,-47.529502868652344,False,True,False,True,-0.827728271484375,1.0113601684570312
293,26359554.0,26359552.0,11.0,-54.00401306152344,-53.226890563964844,-54.535911560058594,-53.74359893798828,False,True,False,True,-0.7771224975585938,0.7923126220703125
294,26359552.0,26720002.0,60.0,-58.43473815917969,-51.85936737060547,-58.76964569091797,-50.98799133300781,False,True,False,True,-6.575370788574219,7.781654357910156
295,26720002.0,26795520.0,51.0,-56.294105529785156,-54.14099884033203,-56.841285705566406,-53.45790100097656,False,True,False,True,-2.153106689453125,3.3833847045898438
296,26795520.0,26367744.0,83.0,-54.91526794433594,-53.48454284667969,-55.49409484863281,-52.70911407470703,False,True,False,True,-1.43072509765625,2.7849807739257812
297,26367744.0,26351361.0,22.0,-58.31575012207031,-57.48371124267578,-58.581932067871094,-57.19573974609375,False,True,False,True,-0.8320388793945312,1.3861923217773438
298,26351361.0,26351360.0,24.0,-48.22882080078125,-54.301841735839844,-49.310203552246094,-53.521690368652344,True,False,False,False,6.073020935058594,-4.21148681640625
299,26351360.0,26351362.0,15.0,-57.10496520996094,-52.99999237060547,-57.60692596435547,-52.36334991455078,False,True,False,True,-4.104972839355469,5.2435760498046875
300,26368257.0,28650241.0,140.0,-55.274742126464844,-65.80081939697266,-63.26506042480469,-59.49407958984375,True,True,True,False,10.526077270507812,3.7709808349609375
301,28650241.0,26947072.0,12.0,-90.75432586669922,-270.0,-270.0,-270.0,True,False,False,False,179.24567413330078,0.0
302,34768897.0,26947072.0,18.0,-81.95092010498047,-270.0,-57.23387908935547,-270.0,True,False,False,False,188.04907989501953,-212.76612091064453
303,26947072.0,28792066.0,64.0,-270.0,-270.0,-109.16566467285156,-270.0,False,False,False,False,0.0,-160.83433532714844
304,28792066.0,26947072.0,29.0,-83.64334869384766,-76.21810913085938,-82.23090362548828,-72.9660873413086,False,True,False,True,-7.425239562988281,9.264816284179688
305,28792066.0,26947072.0,42.0,-96.33154296875,-68.40087127685547,-270.0,-57.623077392578125,False,True,False,True,-27.93067169189453,212.37692260742188
306,26366722.0,26917120.0,12.0,-82.03399658203125,-77.64228057861328,-72.76192474365234,-77.2207260131836,False,False,False,False,-4.391716003417969,-4.45880126953125
307,26917120.0,40782336.0,105.0,-63.47167205810547,-84.2182846069336,-63.37965393066406,-93.14840698242188,True,False,False,False,20.746612548828125,-29.768753051757812
308,40782336.0,26947073.0,10.0,-270.0,-49.7166748046875,-270.0,-49.017120361328125,False,True,False,True,-220.2833251953125,220.98287963867188
309,26947073.0,26947074.0,41.0,-55.2791748046875,-84.13773345947266,-67.94483947753906,-80.9034652709961,True,False,False,False,28.858558654785156,-12.958625793457031
310,34210561.0,34210562.0,29.0,-51.69464111328125,-66.13158416748047,-53.495758056640625,-65.86235046386719,True,False,False,False,14.436943054199219,-12.366592407226562
311,34210562.0,26347520.0,17.0,-59.39665222167969,-59.88532257080078,-60.02259826660156,-59.052276611328125,True,True,True,True,0.48867034912109375,0.9703216552734375
312,26356994.0,40812800.0,41.0,-43.85865020751953,-66.92247009277344,-53.28291320800781,-65.42086791992188,True,False,False,False,23.063819885253906,-12.137954711914062
313,40812800.0,26356993.0,23.0,-64.060546875,-69.6546859741211,-64.53981018066406,-69.43535614013672,True,False,False,False,5.594139099121094,-4.895545959472656
314,26356992.0,26356993.0,78.0,-44.43364715576172,-66.03999328613281,-44.417625427246094,-66.04144287109375,True,False,False,False,21.606346130371094,-21.623817443847656
315,26356993.0,26353920.0,87.0,-69.83558654785156,-56.98162841796875,-69.83558654785156,-56.98162841796875,False,True,False,True,-12.853958129882812,12.853958129882812
316,26353920.0,26365185.0,55.0,-50.64567565917969,-70.82933044433594,-67.13654327392578,-63.25957489013672,True,True,True,False,20.18365478515625,3.8769683837890625
317,26365185.0,26363650.0,35.0,-66.38809967041016,-51.59904479980469,-66.49872589111328,-50.56561279296875,False,True,False,True,-14.789054870605469,15.933113098144531
318,26363650.0,26363649.0,10.0,-58.194358825683594,-51.509666442871094,-58.58702087402344,-51.71748352050781,False,True,False,True,-6.6846923828125,6.869537353515625
319,26363649.0,29127680.0,12.0,-56.77117156982422,-69.18501281738281,-67.41938781738281,-65.26626586914062,True,True,True,False,12.413841247558594,2.1531219482421875
320,29127680.0,26367489.0,54.0,-68.35641479492188,-60.5615234375,-68.37672424316406,-60.586334228515625,False,True,False,True,-7.794891357421875,7.7903900146484375
321,26367489.0,33802242.0,130.0,-63.183135986328125,-61.29096221923828,-63.35630798339844,-61.07231140136719,False,True,False,True,-1.8921737670898438,2.28399658203125
