cell_id,n_train,n_val,wcl_lat,wcl_lon,refined_lat,refined_lon,delta_m,dx_m,dy_m,wcl_height_m,refined_height_m,wcl_azimuth_deg,refined_azimuth_deg,n_nm_evals,wcl_opt_mae,refined_opt_mae,wcl_val_mae,refined_val_mae,val_mae_gain,wcl_spearman,refined_spearman,wcl_alpha,refined_alpha
26347520.0,406,109,52.50088590042662,13.280354737023847,52.500893724148085,13.280437577523408,5.680151723892301,5.612984314671365,0.8709366737541302,30.0,33.19922033334578,270.0,260.0330526721254,46,3.0286454949505854,2.130726266080887,2.4510624396002165,1.8855804002693357,0.5654820393308808,0.3993698307491671,0.6438384729388185,0.03525208229775588,0.23577726013538325
26349058.0,610,166,52.51002447367304,13.36325853568323,52.51002818171248,13.3635362703332,18.822861132112187,18.81833453675757,0.4127789498714929,30.0,29.466319604323417,180.0,172.03852369869026,59,2.393271055772567,1.6831657526824908,2.6052533471221007,1.987557781709901,0.6176955654121996,0.32534604507245746,0.5226280672543161,0.34868382708328344,0.27447913111662026
26351360.0,298,83,52.499801868534014,13.320642835417107,52.49939586977377,13.32052719489144,45.869948812646705,-7.835400077916141,-45.195781990068724,30.0,44.508564517792685,0.0,1.4609174581798108,89,3.89310667583126,1.9493667233681724,3.5747075698243607,1.9097086173392357,1.664998952485125,0.4005860530866957,0.841830786653959,0.7838396780799017,0.9417657783870396
26351361.0,286,62,52.49994600943549,13.323225431728336,52.50031825281545,13.32424663348342,80.65234895315444,69.19308144931043,41.43813305652762,30.0,26.091853351955212,315.0,299.48474782249593,68,4.504420354296774,2.087810236965484,5.624567489036083,2.456329425653368,3.1682380633827147,0.5219266889053251,0.873910277550444,0.24741376351995567,0.7899286407054167
26351362.0,185,39,52.49961285676463,13.31710854795389,52.49925632931357,13.318071576226046,76.3736822466332,65.2514484444417,-39.6886358522444,30.0,21.74837876007288,45.0,64.11588634059257,52,2.231208773365771,1.6740658067395817,1.8263663212480041,0.8948561524163068,0.9315101688316973,-0.25263157894736843,0.011740890688259108,0.0,0.009240216314161517
26353152.0,16,6,52.51146716426053,13.305182943102873,52.51142323168599,13.305001146501448,13.253245638482207,-12.317905827056371,-4.890574198365496,30.0,23.63996132033566,315.0,322.34970866737126,158,5.067126043072092,1.119232712280617,5.609586281075427,1.4320979062180257,4.177488374857401,-0.08571428571428573,0.028571428571428574,0.0,1.9159328682112655
26353920.0,368,78,52.510690789272424,13.289307956046146,52.510838072317796,13.289732321549108,33.0995405820203,28.753531478423923,16.39554861113508,30.0,22.26472213351648,135.0,148.76687945668766,53,10.87244920452186,1.1899871938516842,6.303077289054705,1.3328431684634343,4.97023412059127,-0.32926195396512264,0.498759503131959,0.0,0.3287042185381223
26356993.0,765,170,52.512260527926735,13.287095503484414,52.51282508428154,13.287558690421712,70.24687307480535,31.383936934250585,62.84641341631831,30.0,15.942503610328671,45.0,33.70630977113879,49,2.693303646162609,2.463953188719946,2.704797050276453,2.251162222839888,0.4536348274365647,0.09899115662168398,0.3290796342362802,0.060076570967995443,0.09923689991748266
26356994.0,240,51,52.50320826229798,13.28166865151924,52.50291246220099,13.281982580726778,39.20113281838001,21.270751953125,-32.928466796875,30.0,35.894775390625,315.0,317.43896484375,37,2.9601358532428095,2.3042551210126976,3.9328342910564027,3.4193240561162064,0.5135102349401963,0.4843438914027149,0.6714932126696832,0.2190848430258117,0.2562032474327927
26357760.0,40,5,52.512982051879334,13.328478877479592,52.51306292555419,13.328759032734377,21.009067427033973,18.982346305464578,9.002857484880852,30.0,20.133464221950156,225.0,260.0860303090379,116,34.2849475117107,1.2989115496310508,36.13317613415613,0.85013690244256,35.28303923171357,0.7999999999999999,0.6,0.0,0.627313914869446
26357763.0,29,5,52.51298438579514,13.329234994947727,52.51653505861778,13.32688433649798,426.1442127799463,-159.27244617720964,395.2608986157978,30.0,26.835820554427297,270.0,259.1150752845939,141,57.005599715845094,1.0519045603128274,56.05641754512171,1.5705334116621201,54.48588413345959,-0.6,0.8999999999999998,0.0,1.92849223200977
26358784.0,923,210,52.50556913426755,13.341391589163058,52.50556529645936,13.342644854874044,84.91800319395206,84.91692849727457,-0.4272248082813235,30.0,29.31139104127368,315.0,272.77278941512265,58,3.2814202042109755,2.1256318446904303,3.4945118617289475,2.2304499343958835,1.264061927333064,-0.10908352905345264,0.5077833885263472,0.0,0.6889666077505013
26358785.0,580,161,52.50422896083172,13.34040062305258,52.504127347277866,13.340541855231573,14.816416962456394,9.569401556237473,-11.311620814933878,30.0,34.49719218202209,90.0,103.08892341119764,53,2.1930669846939983,1.5509461420125756,1.9801608764627394,1.543690024840641,0.4364708516220983,0.8050147411897908,0.7957104740897054,0.37567268198393666,1.005575595081418
26359552.0,58,23,52.503514394818325,13.335146321651651,52.50359613820187,13.334690643505661,32.18819682616552,-30.875167334143136,9.099673456153962,30.0,12.588510686161666,90.0,67.28763855593866,71,1.2848375820987443,0.8445205544196941,2.8588540453580094,1.0772425264311507,1.7816115189268587,-0.13161815589502404,0.8520543776362082,0.8310710128111206,0.9243092856217864
26359553.0,326,71,52.50381387290158,13.337896562379461,52.50398904033055,13.338192299084659,27.959989086560316,20.038091227708357,19.49963819332578,30.0,34.29076042406162,225.0,221.79878751296496,98,1.9244624775843284,0.7943317429814301,1.5517498673557066,0.7292139112845634,0.8225359560711433,0.6773696546470483,0.8653247195503504,0.0791118318330075,0.31378356716769207
26359554.0,808,207,52.50438385792536,13.335773170972388,52.504501829710215,13.335683795003478,14.461620185182555,-6.05580500191536,13.132619089856234,30.0,36.997407046228545,0.0,3.059263921695674,57,2.2139267317430753,1.7086462089984207,2.747434962413685,1.505959132989565,1.24147582942412,0.8571224754553427,0.9181103328104742,1.3368957680690197,1.7726388958788384
26360321.0,39,12,52.51627429498283,13.325797203305179,52.51609244387837,13.326142412087174,30.9338803974361,23.390147197301538,-20.243664948112738,30.0,33.68539373732131,45.0,47.06433419177135,100,10.57220721998002,0.8297494761060457,10.89740469069325,1.3880592517848491,9.509345438908401,-0.8741258741258742,0.3916083916083916,0.0,1.462827969435709
26360322.0,27,12,52.51686022135904,13.324562542710959,52.5168905618839,13.324018071766654,37.04574579919055,-36.891458723469256,3.3775072276470723,30.0,33.90518154704803,315.0,359.43699414133016,75,0.9234037805877567,0.7842792249043758,1.0451861804974267,1.1169706350494504,-0.07178445455202365,0.06702200632484068,0.46407282163970387,0.04906320888874574,0.5750870812425655
26363650.0,256,65,52.51166620561413,13.308426144572318,52.511527358143994,13.308108639884301,26.489869361275563,-21.513014082688073,-15.456500375424909,30.0,10.596224211636361,315.0,349.97885839865353,98,2.17779725600622,1.6320850667025586,4.028003219006463,1.8079436693250692,2.2200595496813937,-0.036999803388307106,0.5515003180767454,0.0,0.29036170031951536
26365185.0,521,139,52.511218446335384,13.301658239885072,52.51255517284332,13.299827199504328,193.73914229802213,-124.06493190086547,148.80439486388457,30.0,40.03207454960651,315.0,252.01488667650887,70,27.56721461665027,2.7399346955285866,26.351862437594953,1.4976256002813133,24.85423683731364,-0.363162618274234,0.7453768373411785,0.0,0.2915786829913022
26365186.0,610,154,52.51074314913232,13.294555386279825,52.511599530043014,13.294277160819098,97.17836310793221,-18.851590167633617,95.33232297856117,30.0,27.0456912785588,0.0,358.71344968934153,66,2.7597053059466026,1.7339128679438414,3.087953848407605,2.0214344069966503,1.0665194414109544,0.7183182369657459,0.8819046053418743,0.7957811791027799,1.3347768492742507
26366722.0,54,14,52.49022154537849,13.304587149813177,52.49021829660238,13.304549133512625,2.601116869649653,-2.5758523890154477,-0.3616537564845963,30.0,35.857896263211494,45.0,51.39290502515346,65,2.057502373336513,1.3489685059122265,2.2579274546612242,1.8470280831345665,0.4108993715266578,0.6351648351648352,0.5824175824175825,0.040710211643826995,0.23125075546819748
26367488.0,42,9,52.51609075013534,13.32618899007259,52.51565634175769,13.327058486191948,76.21937161923938,58.91403486834076,-48.35834059977291,30.0,30.094490323707557,45.0,35.271117169444835,80,4.541037509031893,0.8907252678673274,7.015163031857763,0.9656175556001408,6.049545476257622,-0.6833333333333333,0.7666666666666667,0.0,1.1650844202581203
26367489.0,532,128,52.5145133556739,13.328310007377272,52.514894222653204,13.328221307457325,42.821956891225526,-6.009998274076218,42.398112136504125,30.0,30.941752610269834,45.0,40.59569752223378,65,3.469044762036473,1.49654835459036,3.94555425547637,2.5221904210513424,1.4233638344250275,0.17985734073205759,0.7778938859143775,0.6636968653572303,1.4628382578396921
26367744.0,328,94,52.50030176122386,13.327830378709761,52.50053206260661,13.327911509239613,26.219874418197993,5.497122710608583,25.637149927606714,30.0,23.838052330113936,0.0,358.4469734874718,56,2.128887034184874,1.0836270179640288,2.2714363419941956,1.1511485932292564,1.1202877487649392,0.8428483776005852,0.9336715073041031,0.9049091093174089,1.1699609264975477
26368257.0,100,15,52.49926519292296,13.31594042011429,52.498033414355255,13.319189517650624,259.35935853250027,220.14755590547765,-137.12159015718356,30.0,24.903540946192194,45.0,352.04460662277825,107,6.698198093105779,2.108403845957045,5.92328567538722,2.2016624191797196,3.7216232562075002,0.7499999999999999,0.9107142857142855,0.5670765719953857,1.3689865212529422
26368258.0,680,145,52.49960105229632,13.312863978296281,52.499663687405636,13.312871692104109,6.9921022242069615,0.522660806898518,6.972540368810504,30.0,24.480164641751053,135.0,156.36661150965796,94,3.869557085021262,1.5906018339198287,4.329150436862329,1.8639316841457312,2.4652187527165976,0.3257920979296592,0.7351250708071788,0.22418007917775806,1.1885298455533784
26369024.0,964,241,52.509489784385465,13.351692764098154,52.50980771412573,13.352067276934653,43.548993895511074,25.375688076019287,35.39193868637085,30.0,19.18818950653076,315.0,343.13891530036926,44,1.8960831362231576,1.6399390626783112,1.7874280615415414,1.6779166850271694,0.10951137651437204,0.6779879142878474,0.6991671049704911,0.17249622634003745,0.30150249315379557
26369025.0,311,96,52.506686183795786,13.345845698507501,52.506907995711245,13.345759585427077,25.37210899908933,-5.834723019216763,24.692102428725907,30.0,37.131932081420786,0.0,336.06196636423834,60,4.4596262520772,1.1773410636047603,4.8773280094421185,1.4508046582879723,3.426523351154146,0.11821600933388692,0.9368961190704054,0.38338220550447405,1.7042611123871323
26370049.0,79,24,52.50337572027401,13.279372905464466,52.50424937827364,13.27940101308743,97.27425359692057,1.9044748360404373,97.25560851918465,30.0,21.379837392584584,270.0,279.001696668039,90,3.0951918804796072,1.1829209987097304,2.9789571390030294,1.664244277163719,1.3147128618393105,0.7982608861834418,0.8602702110401423,0.5131716547771125,1.1466664275641176
26607105.0,628,158,52.51353989453912,13.377090542198761,52.51336750833819,13.377348264872408,25.945953025749056,17.4623925783715,-19.19003188775914,30.0,36.42007149780671,90.0,82.50150764646952,48,2.790908961083619,1.2154050745977059,2.743371228517232,1.7770029422003253,0.9663682863169067,0.5735908844365399,0.5335634690683632,0.18601728386726835,0.7849074721662089
26681600.0,99,19,52.514930006502844,13.37734312986628,52.51492595645772,13.377333809543124,0.7759348795408955,-0.6315127015113831,-0.4508510231971741,30.0,39.88924950361252,45.0,45.03728806972504,67,7.3914151608947325,0.8042955067359469,5.571379405533958,1.3685349488114658,4.202844456722492,-0.0776024971730956,0.12345851822992483,0.0,0.3643760406717156
26720002.0,392,106,52.50238779509922,13.333517602600905,52.502519600506396,13.332992074881158,38.51245695665925,-35.60793167000273,14.672577926967978,30.0,31.479434403468797,135.0,123.23331965102324,73,3.5414742556577616,1.4388559341840927,3.9317978303090246,1.745598909971969,2.1861989203370555,0.30524093624562115,0.8431598791392959,0.04260448785612408,0.4665813215377433
26722816.0,568,147,52.511283391608046,13.372023386699016,52.51218445190006,13.371992736954104,100.3275274466372,-2.0767201834501554,100.30603170714805,30.0,28.375645173721015,0.0,340.6618352432864,65,3.4971834447572108,1.9765884229985975,3.5284342987173214,12.067655160570688,-8.539220861853366,0.36176426914732585,0.7225610419468387,0.7003986071812726,2.0
26795520.0,432,100,52.50059781265672,13.331242758717668,52.50093035727933,13.330761846362105,49.31709123119332,-32.58494966617174,37.01886738892614,30.0,39.67788221437665,180.0,154.97527490705255,134,16.24414852462911,1.5265336548364121,4.127364642707319,1.3845410984090887,2.742823544298231,0.1338950822689862,0.7544512157483735,0.037233085660544306,0.6202614374257314
26917120.0,103,26,52.48882666402677,13.307488753536475,52.489270338853224,13.307415336017009,49.63976451652131,-4.9745159357146,49.389881680978036,30.0,33.87243148837187,180.0,182.7020372578162,100,4.763027366124556,1.3005945594709316,5.1103222861625035,2.1514182902488983,2.958903995913605,0.6541353383458646,0.9558823529411765,0.30599200852322905,0.4193936159030926
26947072.0,1528,351,52.49194571057556,13.304678688800147,52.49239486616305,13.304678688800147,50.0,0.0,50.0,30.0,30.0,45.0,45.0,47,1.2071990048320669,0.8520757443398814,1.8390635370138124,1.4817137051697034,0.35734983184410907,-0.05067296547434739,-0.061758989864475915,0.0786039139062319,0.05102322059479223
26947073.0,346,89,52.4894709180111,13.298423257352095,52.489392536752035,13.299156811699033,50.4631556386458,49.703092873096466,-8.725401759147644,30.0,30.775149166584015,180.0,179.31008622050285,59,8.198498772193696,0.948573606641163,6.972270096658718,1.0721081036448978,5.90016199301382,-0.6492422018175009,0.6664311588679135,0.0,0.12775399251616587
26947074.0,846,210,52.49212231944626,13.294061872505344,52.492249889940595,13.293669355060677,30.14961809969675,-26.595617745352307,14.201147429016547,30.0,34.1913657160392,135.0,141.77296474447377,59,5.803481619056915,1.4878298780186845,4.268657412191707,2.172252607203327,2.0964048049883797,-0.15489316436758604,0.5795835447589144,0.0,0.21337555737851588
26947081.0,39,9,52.495758386391465,13.305058179733201,52.495767926159836,13.30474838723951,21.017309393765263,-20.990462601184845,1.0619670152664185,30.0,35.89207202196121,315.0,305.511686950922,47,2.4639595790438436,1.7989831619533716,3.9760966219081855,2.744096345805275,1.2320002761029105,-0.17964393928698885,0.34731161595484505,0.02695310012169993,0.32909985296699107
26961922.0,38,6,52.489718701390736,13.304504140677729,52.48974199624053,13.304465521615104,3.6839762526089577,-2.616693452000618,2.5931826792657375,30.0,32.07404239103198,45.0,59.58155429922044,42,0.7746291929352113,0.6895308548882023,0.7314294156807364,0.7035578678484052,0.027871547832331145,0.942857142857143,0.5428571428571429,0.03895041881352005,0.09111516834747273
28650241.0,832,216,52.498754839262304,13.307683127871966,52.49869363548071,13.306901380424641,53.40487504470938,-52.968489846566996,-6.813204966471507,30.0,38.97985484371707,270.0,306.16168911873376,61,3.1343914542885596,1.642743317309158,3.327600564907018,1.8031934768675442,1.5244070880394738,0.44501683137403664,0.8350386822620408,0.18068340199565172,0.8942514170767797
28650244.0,199,44,52.49838620039525,13.306800241643089,52.498207185431866,13.307263244567485,37.16573797439075,31.37146885963609,-19.927945723780812,30.0,36.10515697531252,315.0,310.7841837897617,83,2.074242312006329,1.5550659236655773,1.437492736062513,0.9882289591618203,0.44926377690069264,0.7651715055422487,0.9146514935988619,0.17698544567824637,0.2315685630496963
28650250.0,161,44,52.49679807301553,13.305368451950644,52.49687205866972,13.305119511962383,18.770699356379914,-16.867308343209686,8.236083024271323,30.0,31.850870910495956,0.0,10.229335966392412,81,1.7848250492155326,1.0804660334909746,1.965090117949122,1.842814332803975,0.12227578514514703,0.46673928356174804,0.5315904644073732,0.20315166320137765,0.1807446330016163
28792065.0,225,60,52.49476195606358,13.313299278168076,52.494785298689855,13.313945079181629,43.83431945216198,43.75723201446817,2.5985011576267425,30.0,29.836709409282776,225.0,226.2454096940928,71,3.7469259869040634,1.6933464928343764,4.830387255288954,2.1657195254384116,2.664667729850543,0.6292660827544548,0.8412201234302252,0.36213768347956843,0.3411127194284576
28792066.0,519,134,52.49427564224356,13.309143828336822,52.49405216102107,13.309299666939129,27.026017073902334,10.55908203125,-24.8779296875,30.0,32.22900390625,180.0,191.458740234375,48,9.791934496719687,2.545769716915718,9.314583766317869,3.646868271919946,5.667715494397923,-0.28130878929012776,0.28564131866620146,0.0,0.13039826834541887
28792072.0,138,29,52.49478931852527,13.30490936153423,52.49466029812654,13.305056101024979,17.468180267864504,9.942557858613215,-14.362550786637428,30.0,28.632076557301506,225.0,262.8151355863685,75,2.2606892364523,1.1069670301526058,2.7741741789086927,0.937030680259036,1.8371434986496566,0.13743842364532016,0.7928205128205127,0.12444478081711931,0.17213140708670127
29127680.0,123,23,52.51473375664416,13.322688753224437,52.514601520794756,13.32044290216231,152.8814084166917,-152.17106187974215,-14.720494756052673,30.0,54.87639191880422,0.0,326.93952230272726,63,2.67067894779012,1.2402022360543203,3.5310106665678775,1.3007341913174186,2.230276475250459,0.8949839660424403,0.9345194256136137,0.5017766113366727,1.962389702146916
29127681.0,423,84,52.512315708703895,13.322456921343685,52.51246854761103,13.321738908230982,51.53937047345906,-48.650072859225446,17.014027142111843,30.0,39.44535180668524,180.0,174.85439626271574,57,3.397525343261248,1.8955116049555272,6.335531089351605,2.428507566036219,3.907023523315386,-0.09648914551462012,0.5181366847257743,0.0,0.25133546693942194
29127682.0,661,140,52.512030672636655,13.313900180874366,52.51211109847695,13.31426201444191,26.1001767157845,24.516584881931266,8.953004541618348,30.0,31.18969055865447,180.0,180.16266306589415,55,4.704101009037954,2.5210855515565536,5.09176434096101,2.9937066701667185,2.0980576707942915,0.5063174771123214,0.7249789321305582,0.629087195035959,0.974365117387636
29127683.0,71,19,52.51462582338059,13.322704329076787,52.514743498434164,13.322822950691718,15.36876018750211,8.037388324737549,13.099586963653564,30.0,29.466211795806885,315.0,302.50635623931885,37,2.3106877501579364,2.0994426947553175,2.2909524431469634,2.288037782154599,0.0029146609923644817,0.39824568304019364,0.32744645049971477,0.16121211620822545,0.231019636955764
29127684.0,121,30,52.512890403428926,13.322005062889971,52.51328036307698,13.32166061409833,49.286383122828774,-23.3386528925828,43.41030802113477,30.0,12.009209733176206,315.0,341.4125006094549,52,3.7624398048945706,2.5771530237457667,3.9006489815832097,2.943312677451824,0.9573363041313856,0.5908689632424606,0.5209357350260517,0.6560136600174581,0.8398428470874031
29127685.0,58,15,52.511820119457234,13.311866837596444,52.51176643509876,13.31261121143674,50.78900425178428,50.43618413687909,-5.976142785993943,30.0,29.582393407026757,180.0,179.95264533021327,63,4.788036305395287,2.0849245712392337,3.8023993406311547,1.6789417519681602,2.1234575886629945,0.7357142857142855,0.907142857142857,1.3901253955303547,1.4525819994150235
30625794.0,13,6,52.503491720918625,13.282172634301737,52.5037743193257,13.282657893076694,45.50513854636492,32.87944793701172,31.45885467529297,30.0,34.145545959472656,0.0,318.6484909057617,57,1.7296713530769698,0.9639718594800148,2.9288978340822687,1.6613812009482107,1.267516633134058,0.6571428571428573,0.6571428571428573,0.6174389990974091,1.1924664525051725
30827264.0,404,93,52.51603490361537,13.376569104694564,52.51689129607741,13.376270588842292,97.45565196222358,-20.226396573727115,95.33360887443826,30.0,27.806144257955758,315.0,313.3792381916737,74,3.75323673478366,3.189819102696011,3.841791661373252,7.7393362321264405,-3.8975445707531886,0.7562194278926889,0.7618144598125274,0.910535227318472,2.0
30827265.0,299,74,52.51606730080658,13.37579322140668,52.51615671948722,13.375887039897448,11.810713503494796,6.356814841780551,9.954087528696583,30.0,10.013149812465311,270.0,194.39362087882813,108,20.510432547587026,1.8831600280490908,3.220873236880219,1.8910314527816767,1.3298417840985424,0.1433339669467176,0.808098071280563,0.037685301512352755,0.4109075239443334
30828289.0,188,37,52.515714129081694,13.370135616652115,52.51517275340652,13.36985818046754,63.129648673606496,-18.798111558995828,-60.265940160828265,30.0,38.91107728696394,0.0,24.918404246578465,88,2.8410472488673384,2.420860766255321,3.277919790648032,3.1360137268827444,0.1419060637652878,0.6715722537658139,0.740402772794648,1.564475063398247,0.8263366716453172
30828801.0,819,216,52.51507087213383,13.359531367824948,52.51541031883963,13.359565666862748,37.8586044966931,2.3239835853167303,37.78720728940165,30.0,11.176412022037184,180.0,180.1978015372813,71,4.281043247416099,1.0815632965654942,32.213727097650946,1.5507788028934095,30.662948294757538,-0.15692246376521662,0.6021751539420064,0.0,0.7438412770984518
30828803.0,233,74,52.51487859630005,13.358131441546327,52.51489575985698,13.35817820312486,3.699911346388878,3.168402028330064,1.9106471568584027,30.0,35.58888935090394,180.0,190.99106074602537,101,1.0215622243061038,0.7771316172020339,1.137385249420343,1.5263278044718824,-0.3889425550515395,0.1835686069917085,0.21448991889108024,0.06670876027148415,0.02198820475098606
30829312.0,164,57,52.51436956417297,13.351431770491414,52.51437483607283,13.351770497058652,22.958436895714744,22.950934856147857,0.5868678926074633,30.0,26.689508597667796,315.0,308.11134227731225,62,7.1955207527512925,2.5781074900149745,6.066956944715976,2.9239917047535933,3.1429652399623826,0.35032096764101633,0.7873306515019177,0.24559525393727644,0.7457850356250815
30829314.0,62,19,52.514276006538,13.351300966034481,52.514737030668655,13.351326156547957,51.349580801093396,1.706821636448441,51.321206224614116,30.0,27.744759513730735,180.0,169.28665567283093,64,8.887583962786328,1.1735801807238797,7.235808267856505,1.1983714615731802,6.037436806283325,0.29473684210526313,0.9789473684210527,0.642285692818057,0.9860357989787767
30829824.0,427,101,52.51431999619946,13.348407210166009,52.514507202535675,13.348601310920866,24.642687329822298,13.151592497112041,20.839809347143525,30.0,14.736241207009384,0.0,350.987432293641,109,4.6036569536434655,2.136965001173451,3.9298252580217876,2.6071884496325604,1.3226368083892273,0.790927151105073,0.8325530293439054,1.3003997940435355,1.984481065492064
33802241.0,229,58,52.513866272263535,13.341713410913945,52.51389452221393,13.342624101105732,61.78528649702775,61.705202034387185,3.1447844783480616,30.0,58.24467922413098,180.0,182.24585685156944,88,2.9871547406228673,1.0616998376152895,3.326527470994207,1.3083338407761496,2.0181936302180574,0.48777261681380546,0.8842166784582732,0.5058619259303555,1.2365330761432045
33802242.0,688,175,52.51334119480885,13.334069048272573,52.51376045803755,13.33389097896987,48.20668148027577,-12.065357020867358,46.67238261862972,30.0,29.523511782202032,180.0,182.37094565986666,56,6.424670489240155,4.932726547701326,6.179067510045736,4.814513292282107,1.3645542177636294,0.2615821569883761,0.5504987736938974,0.0639227207482504,0.38749576680015163
33802247.0,169,41,52.51405790052576,13.34479146839997,52.51413559024992,13.343377135783072,96.21971900305212,-95.83026220830095,8.648420093554378,30.0,43.516895229729066,180.0,170.28145856583626,101,3.0813760684253015,1.0114353554295996,3.712711453423431,1.005672629615378,2.7070388238080527,-0.21070763192284395,0.7430308564485509,0.36552307424920893,0.9046052614048158
33802248.0,148,42,52.51335155185419,13.334755206582296,52.51332725228169,13.335221167320316,31.687549405727044,31.571880030105604,-2.7050284111282963,30.0,32.701893998428204,0.0,350.4456229595553,65,4.982056623758754,3.7196747809217854,6.562983794076375,4.465171082721424,2.097812711354951,0.5214572380816683,0.857640735682346,1.1462110667703795,1.9233051392911502
34006272.0,50,9,52.514868605708436,13.356511727782353,52.516164973267145,13.355934666961073,149.51464799701057,-39.099635512059194,144.31163663576854,30.0,20.57632131009541,180.0,239.3005427883429,72,5.0223147848378655,1.3427959631380797,5.239424209396197,1.1303682491305362,4.1090559602656604,0.09999999999999999,0.9333333333333332,0.2026670835486021,0.8721254024318276
34006273.0,105,38,52.51480233612705,13.355427885352151,52.514869818489124,13.35555035592301,11.193390466090959,8.298180200214198,7.512136546359434,30.0,31.666406828992105,0.0,348.8058711576323,70,2.6078570114669652,1.2250841946938693,2.8758178228601685,2.1318822814731258,0.7439355413870428,0.7238209869788818,0.8430900536163695,0.8977168475354623,1.8583071113596394
34006275.0,22,8,52.514744141233905,13.355456648918704,52.51490163001681,13.355737838558348,25.891195159740317,19.05243262826265,17.531651312562467,30.0,26.377422783910347,180.0,194.06915608425578,68,7.397316705505764,1.5702653646205638,8.277508504885688,1.4919076254248704,6.785600879460818,0.4523809523809524,0.9285714285714287,0.46749673350392723,1.0233814674514288
34006528.0,138,27,52.51549365942368,13.36644893668022,52.51495479895984,13.366941480589633,68.64455676495936,33.37306332633769,-59.98594683485443,30.0,35.560853596747,315.0,311.5197732529821,55,6.902102621697229,1.8070023206980732,5.115212973798934,2.1053142398260785,3.009898733972855,0.5885225885225885,0.9438339438339439,0.9618938482340444,0.6247033518579059
34006529.0,164,40,52.51544574953916,13.365533446113409,52.51548971843973,13.365326947118161,14.82307903076427,-13.99165417231724,4.894618011097593,30.0,38.76933594245608,0.0,14.559234293798909,63,5.60845569560435,4.942148992220198,4.790772940291199,5.0605676612707615,-0.26979472097956236,0.8487804878048782,0.8418386491557224,1.7809038779177555,1.542377632185404
34006784.0,30,8,52.51589660060593,13.373019677644903,52.51608256675416,13.373344594926033,30.2197690401415,22.01526562755153,20.70175162124797,30.0,20.50273303340808,270.0,279.25733816037143,67,11.749804591207816,1.4155763203924745,9.307153837109569,2.1365358523632203,7.1706179847463485,-0.38095238095238104,0.09523809523809526,0.0,0.5230711646092339
34006785.0,72,27,52.51584879513824,13.372287460422074,52.515704636236734,13.372445810203194,19.304074188866803,10.72923077926467,-16.04776891578867,30.0,26.411193095841444,0.0,344.801363078809,81,6.573175739215616,2.7909736408837227,7.118230857382798,5.616247168195912,1.5019836891868863,0.5018315018315018,0.6953601953601952,1.662917432697951,1.3572540515355478
34007040.0,59,12,52.516003027646825,13.37482766371612,52.51629601888681,13.37492516610505,33.27813463826254,6.606422976851626,32.615784835770185,30.0,32.18477694622238,225.0,235.90128603273317,56,21.00163026069297,1.2454368532503302,18.995522153310933,0.7728465576912728,18.22267559561966,-0.3467606018274814,0.9422080999150758,0.0,0.7269070476796915
34007041.0,112,26,52.51597400532535,13.374333945913088,52.51610755439425,13.374475021689141,17.674529203319533,9.558804236648477,14.866682350962712,30.0,27.768324905147246,90.0,53.69931895588234,59,40.5003328818233,3.0719209293026126,47.767208814102474,5.503186552859286,42.26402226124319,-0.012660398130928823,-0.06398633649955918,0.0,0.8591815638022676
34210561.0,171,34,52.49449099270987,13.286637471096174,52.494762524998826,13.286119104241783,46.33871587117819,-35.12273632313419,30.226974406403492,30.0,26.004404430746078,135.0,145.2752075601432,96,37.05809784378371,1.2522367546689797,53.627150528487924,1.606759919444596,52.020390609043325,-0.26773708130427676,0.9081042409286693,0.0,0.9213242254698526
34210562.0,402,91,52.49731718145899,13.283077472178153,52.49760813916519,13.283602049788822,48.08761112416034,35.54355558122889,32.38941185437862,30.0,23.73146701266518,45.0,55.41415204803762,85,5.303012672790247,3.0154051621092117,6.160426455425989,3.561747172501544,2.5986792829244445,0.5610925306577481,0.882943143812709,0.347433774387812,2.0
34210566.0,66,21,52.494842357273605,13.285849791168472,52.49492171378265,13.285679313221378,14.541815857446288,-11.550993150832767,8.833966587059905,30.0,26.893926317173253,135.0,153.7782465301583,52,35.497019338064,1.3833861443826074,33.70088938608711,1.4732910192658004,32.22759836682131,-0.38311688311688313,0.8844155844155844,0.0,0.514361432157611
34768897.0,36,9,52.496922075804925,13.305658490625083,52.49687389594036,13.305605121176246,6.468559063126494,-3.6161283526649073,-5.363382523203887,30.0,35.37035675048389,270.0,282.44990167108784,83,2.9594576016648877,0.6586605032812778,4.883746411648502,1.13141512689015,3.7523312847583523,0.3096261412396175,0.6610936529170212,0.10997056232231785,0.2852653573206774
40782336.0,809,237,52.48845029185952,13.301979774302453,52.488833858383224,13.302203645695327,45.312950818837145,15.1687474528444,42.69862541841576,30.0,27.45424778026063,0.0,353.38084482224076,61,4.35156591499619,1.6403524710203485,4.233776654749779,1.872693236140496,2.3610834186092826,0.35136077874969546,0.4552424689195148,0.1220981636901679,0.19254904708713444
40812800.0,792,214,52.50641572624189,13.283040998987417,52.50635521336596,13.283159906614399,10.50186415611947,8.056767507266272,-6.736293349271936,30.0,33.07711592735106,135.0,159.96039209116913,83,9.266869772222213,4.271529475391096,5.3129932319866615,4.035225998163825,1.2777672338228365,-0.018150910446102328,0.5943250702856447,0.0,0.19838197147139902
