row_index,sionna_rx_power_dbm
12447,
125504,-96.36482329434634
154725,-68.57319685276263
59660,-63.38377099636159
11301,-69.42818286752937
61720,
100583,-71.90205154739012
140369,
63108,
192779,-63.63248101302855
41088,-76.37656434953654
75641,-69.29312985602812
140259,-65.55811566774861
154540,-86.01383794217683
63440,-69.25801938266135
113279,-60.43930169027638
169862,
41972,-86.91658421803356
42417,-62.93896654436486
11245,-76.8782587845689
176513,-101.14302221543248
140420,-123.81388696126174
176530,-101.14302496000656
42048,-66.83579117340608
75077,-79.49214641243272
63415,-69.30062806251853
154876,-63.6235061749094
168530,-63.84836712623226
42529,-60.86416565210793
184075,-79.39453826324853
57814,-70.88227486027543
26391,-69.50884916215955
61105,-61.3211046659203
176985,-73.61281510403248
63006,
62646,
126741,-86.19856109958711
62520,
57827,-70.48149768968653
43300,-83.24782800176082
64224,-87.64436533667264
139288,-72.12662273802407
58335,-60.87179497474654
62482,
75121,-100.0623647509572
12011,-69.52112462393815
75893,-67.69287827056877
63407,-85.82950272254968
60255,-62.95667694686073
140593,-62.290749704147224
140258,-63.13218601661536
199632,-69.20894585066017
61826,
63751,-73.2348324201184
99614,
167317,-79.3775879244459
76210,-65.57558067913271
11892,
57626,-92.84676260966576
155044,
58875,
154600,-66.6315490489069
155178,-86.7994961374855
140271,-67.9273327519695
113099,-85.84756688328909
114117,-86.42016226727547
75507,-86.38120671207217
192855,-68.26852829693077
57843,-81.62663024577748
113130,-72.77633008479665
113323,-61.69726975609737
12530,-86.21286290115455
41221,-70.7875731050211
176612,-101.14302496000656
177498,-61.19909890782986
58993,
63994,-65.61223038994751
192704,-69.44221390417205
42423,-63.80196401367627
139810,-58.39289568361043
10982,-71.54845633022676
154533,
26638,-62.51064306976772
155049,
26953,
60656,
199440,-60.952829911531225
138833,
60679,
125509,-94.15359373647772
59103,-63.43078991850454
140988,-66.75340329012609
11611,-74.3959786717177
26421,-69.54588825167238
126384,-69.48688700343973
75782,-65.50793316837407
140080,-61.52569592819933
42762,-70.61202175023935
139394,-70.77829123643991
126090,-62.626241250855074
59371,-63.41138374226672
75945,-65.52422151802187
63317,-59.38188389382999
25545,-93.99259487539621
12074,-61.20443202876483
11133,-73.73348806948175
184531,-61.370906479533396
25751,-92.67004184947977
167700,
75649,-69.2946759953122
59314,
126089,-63.04298053722704
60627,
58955,
125408,-80.3166349354497
62106,
125897,-69.32150919973161
26811,-60.704627721013495
99644,
59686,
75606,-116.86198211568893
59774,-61.52651542621744
125893,-69.35788460347786
62345,
75320,-70.53872882000397
184551,-69.15243404652377
99611,
140478,-65.91545778051216
101134,-66.70529045870809
42451,-63.67110864354331
205852,-64.61373588317868
140917,-66.68270658024933
59334,-63.3352875258261
25876,-71.54282639425463
205915,-70.99512067468461
12539,-69.55097990471111
42198,-67.25790085275713
100409,-132.48456503547084
114092,-99.43575183712105
139463,-71.07319840826204
11669,-64.23155686915808
140048,-62.777128702914034
11247,-69.42818286752937
63786,-64.82918900153638
63022,
126184,-61.4513470606585
100641,-71.52430723916578
154265,-72.01145364516964
199899,-69.45530027707623
61526,
61543,
88615,-69.53357983395561
11472,-73.76383576255748
62475,
126417,-67.20442756509382
125640,-61.270973238739444
155255,-66.95699680052067
26651,-62.22522794792607
10838,-110.49605493714074
11796,
62687,
75986,-67.66260935530033
140605,-70.41771503472539
75757,-67.49580360490727
139345,-71.58002738562074
125646,-64.67159221600542
75916,-65.5303184203683
41064,-88.3338045739712
61576,
63668,-61.766416179105676
11342,-98.52095607104651
42536,-67.46492063714166
63745,-61.65481972202335
58759,
75386,-62.48020117599972
176557,-101.14302496000656
41853,-60.81690656393149
62124,
61892,
88521,
140121,-62.80688947570083
11551,-73.70950131086333
42509,-76.06562414531405
60215,
26715,-67.40062491993892
126348,-61.51677320434545
168164,
112887,-80.05266679329486
101153,-64.29132683379468
59665,
171666,-107.90186813545303
76064,-65.5242197563843
10538,-75.36479504361449
43069,-65.52525924672605
60922,-61.362770538168256
59947,-61.328612391998156
59131,-63.43502131159078
12261,-66.85370205508892
41858,-65.14026247032463
10464,-63.69950074694134
176672,-101.14302496000656
167834,-123.9861160339542
60672,
154635,
62111,
199223,-71.003185608116
59162,
176814,-101.14944338011472
43478,-77.51178961113011
12237,-66.85370205508892
138724,
113497,-71.28238517512257
63240,
192931,-68.47451595354998
125970,-69.09167592659433
170626,-92.79089273434687
58546,
63301,
184205,-71.2694664708056
125550,-72.10380079433959
75682,-68.66698458558686
126196,-61.45134981926232
183953,-67.69314313792779
11297,-69.42818286752937
138812,-69.3888880345443
10742,
199274,-71.47681010451433
154745,-69.43661762350052
177046,-71.63790728157834
41870,-63.991185745616505
10825,
64045,-67.62215853494371
26907,-68.4054850553875
63680,-69.41008200871556
205808,-61.32455112900732
41964,-86.5573931265039
42659,-60.8774458581252
41291,-93.05548159236402
139814,
125588,-62.58781850970132
58777,
24889,-70.99920914268243
61408,
184406,-69.46814689662591
60502,-61.3207563219633
60332,
42093,-121.66576705660297
61562,
139433,-71.5800278296149
26308,-70.46056885047375
26958,-86.173786567755
58310,-60.87179527649428
170695,-146.7490122690563
206057,-68.0261072423116
192328,-97.93960546831215
60356,
113879,-62.77315782528462
42467,-63.67110864354331
171352,
11371,-71.31170716879161
12333,-68.67354782988531
75414,-62.224091152921844
76115,-69.70185837406662
25326,-96.57704828789115
25590,-139.62021947318428
60433,
11782,
25278,-82.93609380554233
63582,-69.22065903785139
154528,-95.2721443979056
140745,-68.24721310135187
126622,-99.40014554301747
113957,-69.33151844600938
59067,-63.4851420098977
126278,-63.78708081745263
205566,-93.97215313054382
139613,-62.46333244310189
41891,-60.80703957708253
57925,-67.2352463298856
26005,-70.80062310481955
10469,-65.55521689757003
183974,-71.21523968877533
58313,-60.87179527649428
167708,
172056,-72.09002875653245
43230,-86.16667987053874
168449,
42903,-65.27494044572838
41496,-66.62102892775083
25044,-68.70889925123413
114154,-85.85293408727246
59604,-61.47955900426812
167446,-81.9269030459975
41522,-86.11085976866208
99450,-68.8780688990442
57797,-70.88227486027543
125290,-80.07116247969797
62631,
40927,
171322,
155252,-67.51824673982406
154595,-63.35788517279224
42689,-60.90320009361449
25871,-72.69790410305802
26941,-99.41282086315717
88867,-65.12501533020709
113273,-60.91441496796013
60098,
43262,-97.10108943769482
26466,-69.27022660229417
10425,-75.85564687904035
112942,-78.80845560852183
42871,-64.65584755396306
58418,
139196,-90.58955736668528
184382,-69.52124816196984
11585,-72.61766756267549
63976,-65.61958021559825
154114,
58719,
184567,-86.34721978974937
58361,-60.87179497474654
10593,-62.241233546855746
177462,-86.57157740543755
10639,-65.86003102022828
61637,
63318,
42684,-74.32347492746956
42121,-65.5543019216291
199059,-113.16099343263585
172380,-75.89126376049362
12122,-65.44272642146034
58983,-63.304708693471085
167375,-73.49943367971315
167352,-97.1149464655193
25994,-71.46817987644758
199001,-67.9946171907448
62549,
12495,-86.18706729843467
154664,-116.22502264770941
60275,-62.89786903106961
75575,-90.8143073620559
177429,-61.18693224841604
167933,-69.35299803332292
154231,-79.10491866518142
63700,-69.83322444101739
62750,
126347,-65.45707177294474
139440,-70.77829160559057
99804,-79.69588546944826
139874,
139956,-65.2731123724109
59494,
88131,
60104,
43537,-69.21707321982925
58899,
192699,-69.07214728271661
139720,-63.32491731568336
76164,-64.2103640122052
12116,-61.15434721677388
25820,-71.19934277774294
199877,-68.09287509848642
113092,-88.06041374739722
57688,-77.5663458624763
61962,
139219,-93.1251302342072
62799,
155006,-68.37137272966685
170692,-96.16430162537101
60719,
99703,
101218,-61.321643800844505
192469,-70.58539005980461
26165,-60.608306136859056
112855,
26288,-67.37950970998027
59339,
177218,
88033,-100.15374567719208
192520,-63.85182163440937
63247,-61.09632728525763
192817,-67.64591451192109
25477,-67.77247951690838
153877,-66.81600431545459
170557,-92.79846768110085
177235,-107.16017787920927
60284,-62.88228906860105
184603,-83.26801419533409
171648,-107.8994289842627
61619,
154507,
192951,
11678,-59.25191435523435
63844,-65.62379195173249
113700,-67.1833880613518
177288,-69.42670339756543
11963,-69.09593741776881
61975,
205693,-72.04240521353968
58745,
10730,-70.22872092156942
206064,-68.03942264433742
25826,-87.97501477524678
62009,
75635,-69.27610814103006
58228,
140788,-98.40708768673345
10907,-125.07382059564877
101036,-84.98067996011358
176779,-101.14944338011472
126568,-72.29723923226071
169928,
61366,
101208,-62.77030001202134
25509,-94.1042426868625
12168,-68.67915880199406
167743,-87.35865516557095
41185,-71.59021789807258
63077,
26943,
62414,
168481,-131.4095145486577
42232,-64.04123448841814
57223,
57382,-76.57332272947212
11720,-67.59023854957469
206092,
205752,-81.62075066692393
74787,
25938,-72.57458055245272
125888,-69.37088259981104
100769,-60.637846798683164
12329,-68.67354782988531
155208,
168200,-65.0117709450173
60277,
176816,-101.14944338011472
139354,-70.77829123643991
170553,-92.80712690552198
154023,
199289,-71.47681010451433
26632,-71.47705074048139
75556,-64.08169263291951
63460,-69.33101236967877
140371,
61221,-61.18135613520373
63471,-69.29778200182604
57190,-69.14658568676924
42576,-63.73130747013973
12050,-64.02146945457024
41900,-100.86005279150088
184222,-81.73562121544572
43276,-95.83783672316792
42739,-61.101412173209326
62378,
75975,-67.66260935530033
11217,-69.43558345112268
42111,-65.84846084062029
62128,
11931,-69.3442160918257
25007,-68.70889925123413
140829,-85.94320210371797
41816,-62.567669164496884
177355,-61.55527558387419
11958,-69.64480553581899
125283,
99914,-79.75310358936883
171956,-102.51631738862498
25454,-92.04544265125188
41099,-100.05522615556563
167393,-76.63085341555379
169896,
139752,-85.7695326030081
88194,-71.17267727058072
139700,-61.64343971211079
177476,
87874,
199464,-61.636878185545015
205827,-66.50907754703657
205479,
87913,
154389,-64.9481862695197
154726,-69.18070279723973
41817,-69.41098698660362
192932,-68.73129500015182
26159,-59.345383727031845
61123,
43604,-67.82821411043037
25640,-79.16017355445005
205440,
62649,
43234,-86.15536591525074
199035,-126.52705968192575
205820,-64.213773683266
184351,-110.6552541842774
176595,-101.14302496000656
26637,-64.90959201800008
57470,-97.09179179744342
24941,
58632,
205568,-93.75621039711932
139653,-59.236306358023405
192889,-68.26852829693077
113359,-67.40977453010987
12375,-68.11593846847452
177101,-71.63790728157834
112668,-68.11103073943283
113046,-80.86155442450597
24866,-69.62042925435419
169780,-68.43826646055595
138731,
62819,
61687,
58692,
59308,-63.41138374226672
11090,-71.42929415076037
10987,-71.56925879326758
140852,-86.15567548335213
155120,-76.27699284378272
192485,-81.6275208932058
183997,
61071,
26927,-66.03810153459848
11150,-98.78795896823931
60046,
43078,-91.36118879522786
205941,-69.03236652342656
61610,
139713,-86.78836466605533
57237,
199343,-61.09652970216432
140676,-67.24931202791258
100435,-80.39501303261737
167896,-69.35769881913578
75470,-66.30787574951768
199114,
113334,-63.42599781507097
184431,-66.66776979771848
199004,-69.31687666910173
125719,-70.08714285223422
205911,-69.28545400031574
61647,
99486,-70.82049501431497
12372,-86.60060410578077
176493,-101.14302496000656
192324,-96.33638474099496
184420,-69.52516063520974
11071,-71.42929243536658
42328,-61.34701719203805
192493,-93.80147188801143
12584,-69.54500502317943
61089,
63889,-80.70172627915461
41405,-59.58038111162607
42644,-61.16319858927352
199533,-111.2884648660843
176806,-101.14944338011472
126293,-63.513569205453635
11722,
184525,-60.89351801832892
126463,
24975,
171803,-126.45334868162251
114160,-85.74620244420997
41621,
61113,
113809,-63.755378818719194
26665,-67.21292084789093
60011,
57941,-60.00202381118585
99495,-70.81191148886228
43376,-86.35197233518115
12551,-86.9357665087881
42037,-66.83579117340608
140181,-62.81022268320868
154836,-61.90773972101016
168318,-65.47404509237649
139359,-71.5800278296149
99510,-70.79883573570255
41865,-64.5595573429602
192989,-68.09714824873575
57240,
59940,
140376,
58808,
60823,
58903,-65.23332298297123
58880,
11503,-82.43985590941604
42994,-64.51306957957856
42506,-80.81169507193079
24881,
171850,-87.41013686183038
75344,-70.4668715201245
177526,-76.14908907095969
199259,-71.47680967094804
57110,-67.1395538856714
205921,-69.43981601005326
63530,-69.2251512864623
99477,-70.97294991460551
43022,-76.03007293907773
125073,-67.94212816131342
101288,-68.32917059558214
59939,
57692,-77.36800653154798
177365,-61.55527558387419
24932,-74.53485354654609
57923,-62.457282380197874
177344,-61.529980707032976
11010,-71.42929243536658
10574,-61.052829263519016
26708,-62.14887685208697
62761,
183983,-90.71618446181431
58951,-65.18143789606009
25808,-88.34718351776593
59132,
42934,-66.67170918237528
113496,-80.35360967155606
88821,-61.200950970073706
57972,-62.88092780044951
126128,-61.44343776637136
192971,-61.606437086396085
125481,-98.77369077523926
64015,-65.61958021559825
139252,-73.68799201428926
126704,-66.93514256227812
192259,-88.62299809714266
140443,-132.88259837452296
60653,
59985,
101397,-62.230913089688414
60379,
140539,-62.248147524817846
139771,-66.92987632218382
10932,-125.04708647865081
192435,-71.55185385518966
172450,-69.16451135362246
26881,-66.21397831906401
60089,-63.11046845634306
25999,-72.56380788072514
10764,-110.56472956526376
154511,
199404,-87.42467821154706
168429,-69.06835525637221
57975,-60.981186558885625
11936,-69.31628819555067
193009,-87.20065400345982
42561,-61.14986587609859
25072,-68.70889925123413
125782,-83.85165387018354
126195,-63.8414382423408
26610,-63.560534961462416
199308,-71.04388166463889
25758,-128.90073377577585
154916,-60.95977602300792
11708,-61.26278909308915
60688,
12321,-68.67354782988531
140123,-61.52570259301327
99850,-79.69588546944826
41780,-69.47166286338503
184333,-63.89194034267585
58910,-65.22053782192175
62097,
177103,-71.63790728157834
154693,-87.77373178851147
26318,-71.01402988756257
25602,-78.2912588963022
177206,-59.501538967343464
100277,-79.76980321637095
171880,-83.16125952655908
42952,-63.67881481179175
139460,-71.23661291598091
125636,-61.085260521709294
57545,-109.19479240653874
172351,-61.905460877634255
192898,-68.26306411524197
11220,-69.44894908525492
154401,-63.636779334048
62507,
41792,-62.567669164496884
60419,
58452,
138628,-66.33742662176871
113578,-69.5106794484293
140185,-60.96495128766644
177393,-61.55527558387419
205385,-68.14271223956963
125274,
42081,-121.66579193228716
59408,
88432,-85.70203019003011
99633,
88239,-71.94492260595625
192463,-71.55185606080623
125946,-69.1605228861528
64021,-69.5056609591711
25223,-80.7714263099661
74684,-70.40480105143769
25107,-68.70889925123413
75047,-76.97227496054413
155084,-61.052911058162934
169841,-70.92770928077503
125735,-80.72648112860072
62256,
41554,-69.13357364531355
11753,
11402,-86.74794381560616
59220,
61493,
63874,-76.00523578805925
205736,-70.82475807364436
11575,-77.24979713956911
139701,
100413,-95.84804970089445
41838,-67.09478291459227
26830,-86.91497584642889
184127,-74.82811124229461
113610,-69.62459432132911
192280,-72.55220981768082
184140,-80.46807482579055
140149,-62.81021796815615
155027,
192823,-68.26852829693077
60938,
126262,-61.45134981926232
167828,
11933,-69.33387341563311
177391,-61.555272758461406
25564,-84.96676369334506
205775,-64.0802607157685
154180,-88.43731822821516
176909,
61216,
42813,-61.795668593605626
43242,-86.12925951181853
42466,-63.671108930982115
57849,-87.6293308746491
192681,-69.2598564899363
100340,-79.54002376079154
113949,-68.50503509151856
60998,
184371,
41280,-70.09618247140155
154496,
41022,-76.32073073181468
59222,-63.40014310968823
199278,-71.47681010451433
60980,
25948,-72.57458055245272
60039,-63.15533778848212
154428,-63.49736421667687
205868,
199126,-79.18528798636322
125241,
59520,
26950,-119.25640551891804
25325,-82.88608624734535
138691,-115.82321246234935
99988,-79.809609374188
60063,-63.11046845634306
42235,-63.881865910904345
61026,
63235,
154368,-68.09476597423978
172246,-69.6391327393147
171432,
10999,-71.45133662970365
176463,-101.12256342100196
63203,
62042,
62835,
41002,-76.90540497222254
199397,-85.74037596401423
100875,-83.85840945072167
74702,-71.23285184278487
64125,-60.83920928242747
61327,
113055,-92.26848125177139
154976,-64.92933588614476
100042,-66.97600163062594
74955,
192614,
138802,
154347,-70.174561690777
206006,-68.01777202669994
12554,-67.74124688066385
26357,-121.57663753077863
42638,-62.39996886921935
41627,
25670,-91.88635367950653
25160,-63.244475013693545
41846,-61.420502911170004
63107,
11359,-69.42818286752937
205476,
11188,-77.39958630225176
172309,-67.69940378843066
206103,-65.27831798150696
57477,-112.43439519520666
113217,-64.87074245046236
88472,-61.04418973345645
25899,-71.54282639425463
205880,-106.72387825754384
140799,-80.65288515988905
205904,-69.28061656765826
10953,-77.15137286161135
176421,-69.20257148392547
60451,-61.160553344016144
25257,-124.60454309377825
41034,-95.11145981714904
59258,-63.42289949027566
199117,
177529,-75.86820701775339
26515,-69.4252866081605
60892,-62.852044137584755
154721,-68.76445350477306
59880,
125347,-100.0231505488791
25118,-68.70889925123413
42585,-61.233297900159194
113318,-60.91902117298684
154049,-79.68231932163638
75464,-64.7080846380452
59761,-61.53729413759362
11017,-125.19511212960113
25122,-83.26337465126184
63269,-62.93147246875836
61458,
41770,-62.588128514165334
206096,-119.89799743758135
176550,-101.14302496000656
168376,-65.46930540700436
41552,-84.46741451508362
199523,
199861,-68.09287509848642
11834,-85.79591547694024
61251,
12179,-68.67915925731792
177441,-64.48876928947402
59251,-63.417430338773464
61531,
26002,-71.04940510205095
199429,-60.631925653388485
199976,-69.18793269320342
43197,-86.33421498010085
42556,-66.91180254605051
61285,
42132,-65.00395992448608
25199,-63.63024802180541
140628,-63.52987523187501
125936,-69.19741910329623
26524,-69.43413396465257
26719,-67.40062491993892
11919,
171529,-104.50471107655495
139850,-106.3791034155802
205380,-67.26279967734465
59996,-63.15091500147119
88853,-63.33284613924142
11765,-87.39755905734866
62207,
42432,-63.75027857474799
155113,-66.55112303512271
76222,-68.87143500666203
101462,-86.06538897608326
184634,-68.17215927358289
171363,
58118,
76092,-65.5303184203683
62642,
205408,-71.1792993662936
176647,-101.14302221543248
58982,
89137,
42484,-61.45627913879637
89021,-67.15122192812163
26458,-69.2864653356688
126045,-69.72247781867891
99462,-70.3401194207814
42095,-66.44791639924706
154735,-69.0840540499123
26588,-61.65733229905601
168015,-66.48858713032647
126755,-85.89548664546739
62981,
43532,-69.26817833959998
59275,
42703,-80.22079883456392
61940,
42804,-68.1144109539708
192839,-68.27650361910801
113712,-65.5486420500254
199191,-91.24752689618003
88392,
205678,-71.41783073333804
199832,-68.10646934435674
63477,-69.45441976604452
61635,
10773,-110.56472956526376
184172,-82.11826284445266
177374,-61.55527558387419
59892,-61.307080244409136
125170,-82.62856918173361
88739,-66.09203779956032
172076,-68.82368892214379
167262,
172066,-69.5440025069327
58014,-60.85690183118625
11576,-72.65566825994857
63687,-60.637268414849935
138754,
41666,
59485,-61.49310239759609
57363,-76.57332272947212
183962,-70.39481760691187
139648,-58.55501886234159
167605,-63.007203374272216
140024,-64.14583556805154
167539,-71.56667571444498
170574,-92.7940151683332
41206,-71.17890140753134
10494,-74.87704458255483
10660,-124.74476600646456
61547,
177170,
60390,
24960,
62716,
10614,-60.413743122706585
59320,
126036,-69.19748220697639
126642,-80.9321701625814
62178,
61301,
75013,
154466,
26549,-62.77588700427677
60730,
41958,-69.35185546126309
139915,-71.37558288182194
61145,-61.22399372402393
76075,-65.52422151802187
40838,
59375,
138728,
205565,
62752,
87889,
76207,-95.66199638576087
62400,
61600,
63306,-62.46939094597717
59754,
192872,-68.26306411524197
140599,-60.90264513891096
10926,-78.80052040071666
126562,-69.83944127749399
62570,
26778,-67.40569192159506
199332,-64.08945334728459
11378,-85.1046106043942
60125,
138667,-70.62690737585365
58388,-60.87179497474654
41872,-60.33296894923041
172187,-60.49380684827413
26571,-61.72245791922141
61172,-61.18135645924485
59538,
11199,-89.68841848553696
63886,-65.62358016391734
24966,-83.4949271792602
63075,
139203,-109.20201704484651
126407,
12267,-66.85370205508892
199725,-62.567537181942185
125250,
154197,-73.54788344424549
74775,
58704,
25195,-68.83758264286988
60969,
24998,-68.70889925123413
75420,-60.01057882799461
184405,-69.48912777356486
100598,-71.91478993315064
176788,-101.14944338011472
154767,-69.84023031081495
138706,-126.32440005704298
10579,-60.73121211037909
114086,-75.87238978716368
26852,-67.90725007181153
42155,-64.82408221640743
154854,-63.62351072379835
88281,-81.60503663237486
43351,-95.89065845174966
