tower_lat,tower_lon,weighted_spread_m,n_localization_rows,operator,PCell_MCC,PCell_MNC,PCell_TAC,PCell_Cell_Identity,n_validation_rows
52.50099947841804,13.280247136158309,62.2,764,1,262.0,1.0,1492.0,26347520.0,482
52.51053872862373,13.29008389474727,41.5,864,1,262.0,1.0,1492.0,26353920.0,564
52.512970710611526,13.286584847950616,53.3,39,1,262.0,1.0,1492.0,26356992.0,29
52.51232802038712,13.287250851901353,99.9,1712,1,262.0,1.0,1492.0,26356993.0,1269
52.50315356272757,13.281641081663013,41.5,338,1,262.0,1.0,1492.0,26356994.0,210
52.512642707507325,13.286911193582265,32.5,129,1,262.0,1.0,1492.0,26356996.0,86
52.49022313343231,13.304567273124889,16.7,118,1,262.0,1.0,1492.0,26366722.0,82
52.50328158494405,13.279518623370778,48.4,107,1,262.0,1.0,1492.0,26370049.0,64
52.48888123977594,13.306865654836523,85.9,211,1,262.0,1.0,1492.0,26917120.0,145
52.49205157372376,13.304694372470523,95.4,3003,1,262.0,1.0,1492.0,26947072.0,2080
52.48961699459537,13.298201582522731,47.4,574,1,262.0,1.0,1492.0,26947073.0,415
52.49238641558207,13.293603818712047,178.6,1580,1,262.0,1.0,1492.0,26947074.0,1067
52.49525200969981,13.304981406827892,152.3,27,1,262.0,1.0,1492.0,26947081.0,21
52.48974644548737,13.30452740910757,20.1,56,1,262.0,1.0,1492.0,26961922.0,43
52.510032724898345,13.283296397536708,76.0,15,1,262.0,1.0,1492.0,28904449.0,6
52.494464696148434,13.28665957251804,21.9,282,1,262.0,1.0,1492.0,34210561.0,198
52.49753804650599,13.28283300318968,60.1,749,1,262.0,1.0,1492.0,34210562.0,593
52.495533982100966,13.284778582995035,102.0,124,1,262.0,1.0,1492.0,34210566.0,75
52.48842414446963,13.301982030968771,56.3,1975,1,262.0,1.0,1492.0,40782336.0,1383
52.506838987387184,13.283409159937975,146.2,1447,1,262.0,1.0,1492.0,40812800.0,1012
52.50791754799125,13.284253712805945,140.7,55,1,262.0,1.0,1492.0,40812802.0,43
52.509466069172746,13.281922732461943,43.1,68,1,262.0,1.0,1492.0,40812803.0,35
52.510762305888406,13.289083689840359,2.6,79,1,262.0,1.0,1492.0,42445056.0,46
52.49978659279393,13.320558169512793,26.4,589,1,262.0,1.0,1493.0,26351360.0,395
52.49993435147093,13.32304718867505,35.1,514,1,262.0,1.0,1493.0,26351361.0,314
52.499595364470686,13.317152895975687,28.1,383,1,262.0,1.0,1493.0,26351362.0,250
52.49993255347075,13.322895107972581,41.3,9,1,262.0,1.0,1493.0,26351364.0,14
52.49955104279821,13.31704444032705,13.8,46,1,262.0,1.0,1493.0,26351365.0,30
52.51146314176089,13.305166031976594,6.2,15,1,262.0,1.0,1493.0,26353152.0,7
52.51187239967197,13.311323414409006,27.3,113,1,262.0,1.0,1493.0,26363649.0,73
52.51169131429441,13.308555086728614,41.5,546,1,262.0,1.0,1493.0,26363650.0,371
52.511868373645974,13.311398862425856,25.0,14,1,262.0,1.0,1493.0,26363652.0,14
52.51168646195811,13.308746463391365,49.5,58,1,262.0,1.0,1493.0,26363653.0,40
52.51120411351449,13.30122843640101,100.1,1225,1,262.0,1.0,1493.0,26365185.0,792
52.51080540191488,13.29539094809852,109.2,990,1,262.0,1.0,1493.0,26365186.0,627
52.51115499231451,13.300752255452483,95.1,73,1,262.0,1.0,1493.0,26365188.0,45
52.510747807808016,13.29462771909403,145.7,77,1,262.0,1.0,1493.0,26365189.0,65
52.500280386011895,13.327529215933904,45.4,819,1,262.0,1.0,1493.0,26367744.0,510
52.50013815771719,13.325675115197031,11.0,43,1,262.0,1.0,1493.0,26367746.0,20
52.500275653409,13.327506809809565,38.0,23,1,262.0,1.0,1493.0,26367750.0,15
52.500156225925814,13.325591348361215,9.1,22,1,262.0,1.0,1493.0,26367752.0,20
52.49919670227143,13.315991866811725,55.6,162,1,262.0,1.0,1493.0,26368257.0,100
52.49951233232334,13.312760168948616,35.4,1717,1,262.0,1.0,1493.0,26368258.0,1134
52.498888436575,13.316442423888864,23.9,24,1,262.0,1.0,1493.0,26368260.0,18
52.50058824663898,13.33116875164777,24.8,962,1,262.0,1.0,1493.0,26795520.0,638
52.5005865139877,13.330922307645462,50.5,30,1,262.0,1.0,1493.0,26795523.0,18
52.49873311848289,13.307771630547474,52.5,2151,1,262.0,1.0,1493.0,28650241.0,1361
52.49844879278943,13.306829545933036,61.2,149,1,262.0,1.0,1493.0,28650244.0,94
52.496807050349226,13.305389075886898,27.4,114,1,262.0,1.0,1493.0,28650250.0,91
52.49476104657444,13.31320383059626,51.2,358,1,262.0,1.0,1493.0,28792065.0,199
52.49456169787821,13.308517245720221,201.3,1128,1,262.0,1.0,1493.0,28792066.0,675
52.49463847565374,13.30489359983032,67.0,98,1,262.0,1.0,1493.0,28792072.0,74
52.50354634851211,13.282160068325277,18.3,56,1,262.0,1.0,1493.0,30625794.0,33
52.496808512376305,13.305290972692886,11.7,90,1,262.0,1.0,1493.0,34768897.0,49
52.50370401167903,13.337990623255749,16.3,20,1,262.0,1.0,1494.0,26353664.0,9
52.5129917173776,13.32855675577794,6.8,87,1,262.0,1.0,1494.0,26357760.0,52
52.513003538851784,13.32941659176735,55.8,17,1,262.0,1.0,1494.0,26357763.0,22
52.5055600961514,13.34140084989352,27.4,2163,1,262.0,1.0,1494.0,26358784.0,1477
52.503859798322715,13.340028013774518,52.8,1616,1,262.0,1.0,1494.0,26358785.0,1002
52.504352472576755,13.336195395674698,8.3,280,1,262.0,1.0,1494.0,26359552.0,228
52.50380696567825,13.337876170067117,26.6,561,1,262.0,1.0,1494.0,26359553.0,394
52.50435943418414,13.335747188295999,15.4,1276,1,262.0,1.0,1494.0,26359554.0,813
52.51628856067704,13.32576981836508,16.9,33,1,262.0,1.0,1494.0,26360321.0,18
52.51680238856403,13.32441995460722,21.1,28,1,262.0,1.0,1494.0,26360322.0,21
52.51632485288197,13.32597775125383,25.6,146,1,262.0,1.0,1494.0,26367488.0,110
52.51434107409998,13.328695023766281,86.1,827,1,262.0,1.0,1494.0,26367489.0,576
52.509485560264096,13.351660864761675,89.0,1931,1,262.0,1.0,1494.0,26369024.0,1346
52.50666456090465,13.345670111710534,35.3,793,1,262.0,1.0,1494.0,26369025.0,544
52.51011570811621,13.35119009402375,27.4,52,1,262.0,1.0,1494.0,26369029.0,31
52.51579132186914,13.352139563122138,41.4,35,1,262.0,1.0,1494.0,26719233.0,19
52.50429675053034,13.335781249607315,20.1,39,1,262.0,1.0,1494.0,26720001.0,16
52.502356684772614,13.333511810263957,30.2,785,1,262.0,1.0,1494.0,26720002.0,523
52.50237989599988,13.333497289459785,18.9,20,1,262.0,1.0,1494.0,26720005.0,20
52.51516175421742,13.323203054955597,88.6,618,1,262.0,1.0,1494.0,29127680.0,364
52.51244336410217,13.323064453353371,120.0,1102,1,262.0,1.0,1494.0,29127681.0,732
52.5120609877061,13.314236475151224,61.1,1238,1,262.0,1.0,1494.0,29127682.0,844
52.5147668180796,13.322796027851197,76.7,71,1,262.0,1.0,1494.0,29127683.0,62
52.512774663854884,13.322657172480186,123.4,210,1,262.0,1.0,1494.0,29127684.0,133
52.51187805030834,13.312421763244831,114.7,107,1,262.0,1.0,1494.0,29127685.0,68
52.51392767111913,13.342491477526982,74.1,636,1,262.0,1.0,1494.0,33802241.0,422
52.5134951527039,13.335306621694308,96.7,1407,1,262.0,1.0,1494.0,33802242.0,910
52.51267249449043,13.324332250610215,49.7,21,1,262.0,1.0,1494.0,33802246.0,10
52.514097067004435,13.344997906513056,122.8,223,1,262.0,1.0,1494.0,33802247.0,165
52.513351394633794,13.33459218687503,73.0,206,1,262.0,1.0,1494.0,33802248.0,143
52.5148852288297,13.35653183087887,22.7,169,1,262.0,1.0,1494.0,34006272.0,124
52.514830522364946,13.355571747700239,14.8,384,1,262.0,1.0,1494.0,34006273.0,278
52.51474503845925,13.35522340385595,17.0,32,1,262.0,1.0,1494.0,34006275.0,37
52.51356850125825,13.337168045877133,10.6,52,1,262.0,1.0,1494.0,40848128.0,36
52.510811965492984,13.369133160316863,20.4,55,1,262.0,1.0,1495.0,26349056.0,30
52.510022516825714,13.363426045832806,139.3,1331,1,262.0,1.0,1495.0,26349058.0,854
52.50999192984994,13.363206767720524,107.8,44,1,262.0,1.0,1495.0,26349061.0,23
52.513675332731346,13.377165809476141,58.3,1185,1,262.0,1.0,1495.0,26607105.0,820
52.513290367748546,13.377083563639138,69.5,31,1,262.0,1.0,1495.0,26607108.0,14
52.51490889667758,13.377343965623323,4.4,188,1,262.0,1.0,1495.0,26681600.0,108
52.516977714142044,13.35728929632461,51.3,69,1,262.0,1.0,1495.0,26695425.0,41
52.51123821155164,13.371874322728384,37.8,1153,1,262.0,1.0,1495.0,26722816.0,751
52.51131088758625,13.371750855360961,58.9,18,1,262.0,1.0,1495.0,26722817.0,16
52.51601721814064,13.376653160470433,27.5,956,1,262.0,1.0,1495.0,30827264.0,658
52.5160824327291,13.375819813266139,14.3,618,1,262.0,1.0,1495.0,30827265.0,425
52.51598738392931,13.376897536729297,30.9,24,1,262.0,1.0,1495.0,30827266.0,21
52.51582290111112,13.371656403867261,17.3,65,1,262.0,1.0,1495.0,30828288.0,43
52.51573734008182,13.370383390484369,25.6,237,1,262.0,1.0,1495.0,30828289.0,154
52.51514568603237,13.361146998725445,8.5,228,1,262.0,1.0,1495.0,30828800.0,153
52.515081366565894,13.359629181444186,21.0,948,1,262.0,1.0,1495.0,30828801.0,624
52.51509694141026,13.359656724679876,30.9,188,1,262.0,1.0,1495.0,30828803.0,139
52.51441953120477,13.35151845274618,22.1,585,1,262.0,1.0,1495.0,30829312.0,396
52.51441974835555,13.35167925127201,38.4,216,1,262.0,1.0,1495.0,30829314.0,163
52.51433051019651,13.348517754617955,21.0,1148,1,262.0,1.0,1495.0,30829824.0,736
52.514349556019276,13.348232151285197,19.8,73,1,262.0,1.0,1495.0,30829826.0,45
52.515491171747165,13.366356385706935,17.5,342,1,262.0,1.0,1495.0,34006528.0,213
52.515451111969966,13.365615791868438,16.7,277,1,262.0,1.0,1495.0,34006529.0,191
52.515599064653166,13.367392781519001,43.3,22,1,262.0,1.0,1495.0,34006530.0,13
52.515483165722024,13.365557711071084,10.3,12,1,262.0,1.0,1495.0,34006531.0,10
52.51590567122494,13.373041626445996,10.3,142,1,262.0,1.0,1495.0,34006784.0,116
52.51586840398656,13.372557448959999,14.1,256,1,262.0,1.0,1495.0,34006785.0,212
52.51602245507234,13.3749049824911,6.1,239,1,262.0,1.0,1495.0,34007040.0,127
52.5160062818189,13.374470756228758,8.5,223,1,262.0,1.0,1495.0,34007041.0,125
52.51607616077448,13.375006526414422,5.4,25,1,262.0,1.0,1495.0,34007042.0,21
52.51765629484816,13.363201287377262,22.1,89,1,262.0,1.0,1495.0,42065154.0,63
